"Course ID","Username"
"qa-stem-eco","qa_gs_0000"
"qa-stem-eco","qa_gs_0001"
"qa-stem-eco","qa_gs_0002"
"qa-stem-eco","qa_gs_0003"
"qa-stem-eco","qa_gs_0004"
"qa-stem-eco","qa_gs_0005"
"qa-stem-eco","qa_gs_0006"
"qa-stem-eco","qa_gs_0007"
"qa-stem-eco","qa_gs_0008"
"qa-stem-eco","qa_gs_0009"
"qa-stem-eco","qa_gs_0010"
"qa-stem-eco","qa_gs_0011"
"qa-stem-eco","qa_gs_0012"
"qa-stem-eco","qa_gs_0013"
"qa-stem-eco","qa_gs_0014"
"qa-stem-eco","qa_gs_0015"
"qa-stem-eco","qa_gs_0016"
"qa-stem-eco","qa_gs_0017"
"qa-stem-eco","qa_gs_0018"
"qa-stem-eco","qa_gs_0019"
"qa-stem-eco","qa_gs_0020"
"qa-stem-eco","qa_gs_0021"
"qa-stem-eco","qa_gs_0022"
"qa-stem-eco","qa_gs_0023"
"qa-stem-eco","qa_gs_0024"
"qa-stem-eco","qa_gs_0025"
"qa-stem-eco","qa_gs_0026"
"qa-stem-eco","qa_gs_0027"
"qa-stem-eco","qa_gs_0028"
"qa-stem-eco","qa_gs_0029"
"qa-stem-eco","qa_gs_0030"
"qa-stem-eco","qa_gs_0031"
"qa-stem-eco","qa_gs_0032"
"qa-stem-eco","qa_gs_0033"
"qa-stem-eco","qa_gs_0034"
"qa-stem-eco","qa_gs_0035"
"qa-stem-eco","qa_gs_0036"
"qa-stem-eco","qa_gs_0037"
"qa-stem-eco","qa_gs_0038"
"qa-stem-eco","qa_gs_0039"
"qa-stem-eco","qa_gs_0040"
"qa-stem-eco","qa_gs_0041"
"qa-stem-eco","qa_gs_0042"
"qa-stem-eco","qa_gs_0043"
"qa-stem-eco","qa_gs_0044"
"qa-stem-eco","qa_gs_0045"
"qa-stem-eco","qa_gs_0046"
"qa-stem-eco","qa_gs_0047"
"qa-stem-eco","qa_gs_0048"
"qa-stem-eco","qa_gs_0049"
"qa-stem-eco","qa_gs_0050"
"qa-stem-eco","qa_gs_0051"
"qa-stem-eco","qa_gs_0052"
"qa-stem-eco","qa_gs_0053"
"qa-stem-eco","qa_gs_0054"
"qa-stem-eco","qa_gs_0055"
"qa-stem-eco","qa_gs_0056"
"qa-stem-eco","qa_gs_0057"
"qa-stem-eco","qa_gs_0058"
"qa-stem-eco","qa_gs_0059"
"qa-stem-eco","qa_gs_0060"
"qa-stem-eco","qa_gs_0061"
"qa-stem-eco","qa_gs_0062"
"qa-stem-eco","qa_gs_0063"
"qa-stem-eco","qa_gs_0064"
"qa-stem-eco","qa_gs_0065"
"qa-stem-eco","qa_gs_0066"
"qa-stem-eco","qa_gs_0067"
"qa-stem-eco","qa_gs_0068"
"qa-stem-eco","qa_gs_0069"
"qa-stem-eco","qa_gs_0070"
"qa-stem-eco","qa_gs_0071"
"qa-stem-eco","qa_gs_0072"
"qa-stem-eco","qa_gs_0073"
"qa-stem-eco","qa_gs_0074"
"qa-stem-eco","qa_gs_0075"
"qa-stem-eco","qa_gs_0076"
"qa-stem-eco","qa_gs_0077"
"qa-stem-eco","qa_gs_0078"
"qa-stem-eco","qa_gs_0079"
"qa-stem-eco","qa_gs_0080"
"qa-stem-eco","qa_gs_0081"
"qa-stem-eco","qa_gs_0082"
"qa-stem-eco","qa_gs_0083"
"qa-stem-eco","qa_gs_0084"
"qa-stem-eco","qa_gs_0085"
"qa-stem-eco","qa_gs_0086"
"qa-stem-eco","qa_gs_0087"
"qa-stem-eco","qa_gs_0088"
"qa-stem-eco","qa_gs_0089"
"qa-stem-eco","qa_gs_0090"
"qa-stem-eco","qa_gs_0091"
"qa-stem-eco","qa_gs_0092"
"qa-stem-eco","qa_gs_0093"
"qa-stem-eco","qa_gs_0094"
"qa-stem-eco","qa_gs_0095"
"qa-stem-eco","qa_gs_0096"
"qa-stem-eco","qa_gs_0097"
"qa-stem-eco","qa_gs_0098"
"qa-stem-eco","qa_gs_0099"
"qa-stem-eco","qa_gs_0100"
"qa-stem-eco","qa_gs_0101"
"qa-stem-eco","qa_gs_0102"
"qa-stem-eco","qa_gs_0103"
"qa-stem-eco","qa_gs_0104"
"qa-stem-eco","qa_gs_0105"
"qa-stem-eco","qa_gs_0106"
"qa-stem-eco","qa_gs_0107"
"qa-stem-eco","qa_gs_0108"
"qa-stem-eco","qa_gs_0109"
"qa-stem-eco","qa_gs_0110"
"qa-stem-eco","qa_gs_0111"
"qa-stem-eco","qa_gs_0112"
"qa-stem-eco","qa_gs_0113"
"qa-stem-eco","qa_gs_0114"
"qa-stem-eco","qa_gs_0115"
"qa-stem-eco","qa_gs_0116"
"qa-stem-eco","qa_gs_0117"
"qa-stem-eco","qa_gs_0118"
"qa-stem-eco","qa_gs_0119"
"qa-stem-eco","qa_gs_0120"
"qa-stem-eco","qa_gs_0121"
"qa-stem-eco","qa_gs_0122"
"qa-stem-eco","qa_gs_0123"
"qa-stem-eco","qa_gs_0124"
"qa-stem-eco","qa_gs_0125"
"qa-stem-eco","qa_gs_0126"
"qa-stem-eco","qa_gs_0127"
"qa-stem-eco","qa_gs_0128"
"qa-stem-eco","qa_gs_0129"
"qa-stem-eco","qa_gs_0130"
"qa-stem-eco","qa_gs_0131"
"qa-stem-eco","qa_gs_0132"
"qa-stem-eco","qa_gs_0133"
"qa-stem-eco","qa_gs_0134"
"qa-stem-eco","qa_gs_0135"
"qa-stem-eco","qa_gs_0136"
"qa-stem-eco","qa_gs_0137"
"qa-stem-eco","qa_gs_0138"
"qa-stem-eco","qa_gs_0139"
"qa-stem-eco","qa_gs_0140"
"qa-stem-eco","qa_gs_0141"
"qa-stem-eco","qa_gs_0142"
"qa-stem-eco","qa_gs_0143"
"qa-stem-eco","qa_gs_0144"
"qa-stem-eco","qa_gs_0145"
"qa-stem-eco","qa_gs_0146"
"qa-stem-eco","qa_gs_0147"
"qa-stem-eco","qa_gs_0148"
"qa-stem-eco","qa_gs_0149"
"qa-stem-eco","qa_gs_0150"
"qa-stem-eco","qa_gs_0151"
"qa-stem-eco","qa_gs_0152"
"qa-stem-eco","qa_gs_0153"
"qa-stem-eco","qa_gs_0154"
"qa-stem-eco","qa_gs_0155"
"qa-stem-eco","qa_gs_0156"
"qa-stem-eco","qa_gs_0157"
"qa-stem-eco","qa_gs_0158"
"qa-stem-eco","qa_gs_0159"
"qa-stem-eco","qa_gs_0160"
"qa-stem-eco","qa_gs_0161"
"qa-stem-eco","qa_gs_0162"
"qa-stem-eco","qa_gs_0163"
"qa-stem-eco","qa_gs_0164"
"qa-stem-eco","qa_gs_0165"
"qa-stem-eco","qa_gs_0166"
"qa-stem-eco","qa_gs_0167"
"qa-stem-eco","qa_gs_0168"
"qa-stem-eco","qa_gs_0169"
"qa-stem-eco","qa_gs_0170"
"qa-stem-eco","qa_gs_0171"
"qa-stem-eco","qa_gs_0172"
"qa-stem-eco","qa_gs_0173"
"qa-stem-eco","qa_gs_0174"
"qa-stem-eco","qa_gs_0175"
"qa-stem-eco","qa_gs_0176"
"qa-stem-eco","qa_gs_0177"
"qa-stem-eco","qa_gs_0178"
"qa-stem-eco","qa_gs_0179"
"qa-stem-eco","qa_gs_0180"
"qa-stem-eco","qa_gs_0181"
"qa-stem-eco","qa_gs_0182"
"qa-stem-eco","qa_gs_0183"
"qa-stem-eco","qa_gs_0184"
"qa-stem-eco","qa_gs_0185"
"qa-stem-eco","qa_gs_0186"
"qa-stem-eco","qa_gs_0187"
"qa-stem-eco","qa_gs_0188"
"qa-stem-eco","qa_gs_0189"
"qa-stem-eco","qa_gs_0190"
"qa-stem-eco","qa_gs_0191"
"qa-stem-eco","qa_gs_0192"
"qa-stem-eco","qa_gs_0193"
"qa-stem-eco","qa_gs_0194"
"qa-stem-eco","qa_gs_0195"
"qa-stem-eco","qa_gs_0196"
"qa-stem-eco","qa_gs_0197"
"qa-stem-eco","qa_gs_0198"
"qa-stem-eco","qa_gs_0199"
"qa-stem-eco","qa_gs_0200"
"qa-stem-eco","qa_gs_0201"
"qa-stem-eco","qa_gs_0202"
"qa-stem-eco","qa_gs_0203"
"qa-stem-eco","qa_gs_0204"
"qa-stem-eco","qa_gs_0205"
"qa-stem-eco","qa_gs_0206"
"qa-stem-eco","qa_gs_0207"
"qa-stem-eco","qa_gs_0208"
"qa-stem-eco","qa_gs_0209"
"qa-stem-eco","qa_gs_0210"
"qa-stem-eco","qa_gs_0211"
"qa-stem-eco","qa_gs_0212"
"qa-stem-eco","qa_gs_0213"
"qa-stem-eco","qa_gs_0214"
"qa-stem-eco","qa_gs_0215"
"qa-stem-eco","qa_gs_0216"
"qa-stem-eco","qa_gs_0217"
"qa-stem-eco","qa_gs_0218"
"qa-stem-eco","qa_gs_0219"
"qa-stem-eco","qa_gs_0220"
"qa-stem-eco","qa_gs_0221"
"qa-stem-eco","qa_gs_0222"
"qa-stem-eco","qa_gs_0223"
"qa-stem-eco","qa_gs_0224"
"qa-stem-eco","qa_gs_0225"
"qa-stem-eco","qa_gs_0226"
"qa-stem-eco","qa_gs_0227"
"qa-stem-eco","qa_gs_0228"
"qa-stem-eco","qa_gs_0229"
"qa-stem-eco","qa_gs_0230"
"qa-stem-eco","qa_gs_0231"
"qa-stem-eco","qa_gs_0232"
"qa-stem-eco","qa_gs_0233"
"qa-stem-eco","qa_gs_0234"
"qa-stem-eco","qa_gs_0235"
"qa-stem-eco","qa_gs_0236"
"qa-stem-eco","qa_gs_0237"
"qa-stem-eco","qa_gs_0238"
"qa-stem-eco","qa_gs_0239"
"qa-stem-eco","qa_gs_0240"
"qa-stem-eco","qa_gs_0241"
"qa-stem-eco","qa_gs_0242"
"qa-stem-eco","qa_gs_0243"
"qa-stem-eco","qa_gs_0244"
"qa-stem-eco","qa_gs_0245"
"qa-stem-eco","qa_gs_0246"
"qa-stem-eco","qa_gs_0247"
"qa-stem-eco","qa_gs_0248"
"qa-stem-eco","qa_gs_0249"
"qa-stem-eco","qa_gs_0250"
"qa-stem-eco","qa_gs_0251"
"qa-stem-eco","qa_gs_0252"
"qa-stem-eco","qa_gs_0253"
"qa-stem-eco","qa_gs_0254"
"qa-stem-eco","qa_gs_0255"
"qa-stem-eco","qa_gs_0256"
"qa-stem-eco","qa_gs_0257"
"qa-stem-eco","qa_gs_0258"
"qa-stem-eco","qa_gs_0259"
"qa-stem-eco","qa_gs_0260"
"qa-stem-eco","qa_gs_0261"
"qa-stem-eco","qa_gs_0262"
"qa-stem-eco","qa_gs_0263"
"qa-stem-eco","qa_gs_0264"
"qa-stem-eco","qa_gs_0265"
"qa-stem-eco","qa_gs_0266"
"qa-stem-eco","qa_gs_0267"
"qa-stem-eco","qa_gs_0268"
"qa-stem-eco","qa_gs_0269"
"qa-stem-eco","qa_gs_0270"
"qa-stem-eco","qa_gs_0271"
"qa-stem-eco","qa_gs_0272"
"qa-stem-eco","qa_gs_0273"
"qa-stem-eco","qa_gs_0274"
"qa-stem-eco","qa_gs_0275"
"qa-stem-eco","qa_gs_0276"
"qa-stem-eco","qa_gs_0277"
"qa-stem-eco","qa_gs_0278"
"qa-stem-eco","qa_gs_0279"
"qa-stem-eco","qa_gs_0280"
"qa-stem-eco","qa_gs_0281"
"qa-stem-eco","qa_gs_0282"
"qa-stem-eco","qa_gs_0283"
"qa-stem-eco","qa_gs_0284"
"qa-stem-eco","qa_gs_0285"
"qa-stem-eco","qa_gs_0286"
"qa-stem-eco","qa_gs_0287"
"qa-stem-eco","qa_gs_0288"
"qa-stem-eco","qa_gs_0289"
"qa-stem-eco","qa_gs_0290"
"qa-stem-eco","qa_gs_0291"
"qa-stem-eco","qa_gs_0292"
"qa-stem-eco","qa_gs_0293"
"qa-stem-eco","qa_gs_0294"
"qa-stem-eco","qa_gs_0295"
"qa-stem-eco","qa_gs_0296"
"qa-stem-eco","qa_gs_0297"
"qa-stem-eco","qa_gs_0298"
"qa-stem-eco","qa_gs_0299"
"qa-stem-eco","qa_gs_0300"
"qa-stem-eco","qa_gs_0301"
"qa-stem-eco","qa_gs_0302"
"qa-stem-eco","qa_gs_0303"
"qa-stem-eco","qa_gs_0304"
"qa-stem-eco","qa_gs_0305"
"qa-stem-eco","qa_gs_0306"
"qa-stem-eco","qa_gs_0307"
"qa-stem-eco","qa_gs_0308"
"qa-stem-eco","qa_gs_0309"
"qa-stem-eco","qa_gs_0310"
"qa-stem-eco","qa_gs_0311"
"qa-stem-eco","qa_gs_0312"
"qa-stem-eco","qa_gs_0313"
"qa-stem-eco","qa_gs_0314"
"qa-stem-eco","qa_gs_0315"
"qa-stem-eco","qa_gs_0316"
"qa-stem-eco","qa_gs_0317"
"qa-stem-eco","qa_gs_0318"
"qa-stem-eco","qa_gs_0319"
"qa-stem-eco","qa_gs_0320"
"qa-stem-eco","qa_gs_0321"
"qa-stem-eco","qa_gs_0322"
"qa-stem-eco","qa_gs_0323"
"qa-stem-eco","qa_gs_0324"
"qa-stem-eco","qa_gs_0325"
"qa-stem-eco","qa_gs_0326"
"qa-stem-eco","qa_gs_0327"
"qa-stem-eco","qa_gs_0328"
"qa-stem-eco","qa_gs_0329"
"qa-stem-eco","qa_gs_0330"
"qa-stem-eco","qa_gs_0331"
"qa-stem-eco","qa_gs_0332"
"qa-stem-eco","qa_gs_0333"
"qa-stem-eco","qa_gs_0334"
"qa-stem-eco","qa_gs_0335"
"qa-stem-eco","qa_gs_0336"
"qa-stem-eco","qa_gs_0337"
"qa-stem-eco","qa_gs_0338"
"qa-stem-eco","qa_gs_0339"
"qa-stem-eco","qa_gs_0340"
"qa-stem-eco","qa_gs_0341"
"qa-stem-eco","qa_gs_0342"
"qa-stem-eco","qa_gs_0343"
"qa-stem-eco","qa_gs_0344"
"qa-stem-eco","qa_gs_0345"
"qa-stem-eco","qa_gs_0346"
"qa-stem-eco","qa_gs_0347"
"qa-stem-eco","qa_gs_0348"
"qa-stem-eco","qa_gs_0349"
"qa-stem-eco","qa_gs_0350"
"qa-stem-eco","qa_gs_0351"
"qa-stem-eco","qa_gs_0352"
"qa-stem-eco","qa_gs_0353"
"qa-stem-eco","qa_gs_0354"
"qa-stem-eco","qa_gs_0355"
"qa-stem-eco","qa_gs_0356"
"qa-stem-eco","qa_gs_0357"
"qa-stem-eco","qa_gs_0358"
"qa-stem-eco","qa_gs_0359"
"qa-stem-eco","qa_gs_0360"
"qa-stem-eco","qa_gs_0361"
"qa-stem-eco","qa_gs_0362"
"qa-stem-eco","qa_gs_0363"
"qa-stem-eco","qa_gs_0364"
"qa-stem-eco","qa_gs_0365"
"qa-stem-eco","qa_gs_0366"
"qa-stem-eco","qa_gs_0367"
"qa-stem-eco","qa_gs_0368"
"qa-stem-eco","qa_gs_0369"
"qa-stem-eco","qa_gs_0370"
"qa-stem-eco","qa_gs_0371"
"qa-stem-eco","qa_gs_0372"
"qa-stem-eco","qa_gs_0373"
"qa-stem-eco","qa_gs_0374"
"qa-stem-eco","qa_gs_0375"
"qa-stem-eco","qa_gs_0376"
"qa-stem-eco","qa_gs_0377"
"qa-stem-eco","qa_gs_0378"
"qa-stem-eco","qa_gs_0379"
"qa-stem-eco","qa_gs_0380"
"qa-stem-eco","qa_gs_0381"
"qa-stem-eco","qa_gs_0382"
"qa-stem-eco","qa_gs_0383"
"qa-stem-eco","qa_gs_0384"
"qa-stem-eco","qa_gs_0385"
"qa-stem-eco","qa_gs_0386"
"qa-stem-eco","qa_gs_0387"
"qa-stem-eco","qa_gs_0388"
"qa-stem-eco","qa_gs_0389"
"qa-stem-eco","qa_gs_0390"
"qa-stem-eco","qa_gs_0391"
"qa-stem-eco","qa_gs_0392"
"qa-stem-eco","qa_gs_0393"
"qa-stem-eco","qa_gs_0394"
"qa-stem-eco","qa_gs_0395"
"qa-stem-eco","qa_gs_0396"
"qa-stem-eco","qa_gs_0397"
"qa-stem-eco","qa_gs_0398"
"qa-stem-eco","qa_gs_0399"
"qa-stem-eco","qa_gs_0400"
"qa-stem-eco","qa_gs_0401"
"qa-stem-eco","qa_gs_0402"
"qa-stem-eco","qa_gs_0403"
"qa-stem-eco","qa_gs_0404"
"qa-stem-eco","qa_gs_0405"
"qa-stem-eco","qa_gs_0406"
"qa-stem-eco","qa_gs_0407"
"qa-stem-eco","qa_gs_0408"
"qa-stem-eco","qa_gs_0409"
"qa-stem-eco","qa_gs_0410"
"qa-stem-eco","qa_gs_0411"
"qa-stem-eco","qa_gs_0412"
"qa-stem-eco","qa_gs_0413"
"qa-stem-eco","qa_gs_0414"
"qa-stem-eco","qa_gs_0415"
"qa-stem-eco","qa_gs_0416"
"qa-stem-eco","qa_gs_0417"
"qa-stem-eco","qa_gs_0418"
"qa-stem-eco","qa_gs_0419"
"qa-stem-eco","qa_gs_0420"
"qa-stem-eco","qa_gs_0421"
"qa-stem-eco","qa_gs_0422"
"qa-stem-eco","qa_gs_0423"
"qa-stem-eco","qa_gs_0424"
"qa-stem-eco","qa_gs_0425"
"qa-stem-eco","qa_gs_0426"
"qa-stem-eco","qa_gs_0427"
"qa-stem-eco","qa_gs_0428"
"qa-stem-eco","qa_gs_0429"
"qa-stem-eco","qa_gs_0430"
"qa-stem-eco","qa_gs_0431"
"qa-stem-eco","qa_gs_0432"
"qa-stem-eco","qa_gs_0433"
"qa-stem-eco","qa_gs_0434"
"qa-stem-eco","qa_gs_0435"
"qa-stem-eco","qa_gs_0436"
"qa-stem-eco","qa_gs_0437"
"qa-stem-eco","qa_gs_0438"
"qa-stem-eco","qa_gs_0439"
"qa-stem-eco","qa_gs_0440"
"qa-stem-eco","qa_gs_0441"
"qa-stem-eco","qa_gs_0442"
"qa-stem-eco","qa_gs_0443"
"qa-stem-eco","qa_gs_0444"
"qa-stem-eco","qa_gs_0445"
"qa-stem-eco","qa_gs_0446"
"qa-stem-eco","qa_gs_0447"
"qa-stem-eco","qa_gs_0448"
"qa-stem-eco","qa_gs_0449"
"qa-stem-eco","qa_gs_0450"
"qa-stem-eco","qa_gs_0451"
"qa-stem-eco","qa_gs_0452"
"qa-stem-eco","qa_gs_0453"
"qa-stem-eco","qa_gs_0454"
"qa-stem-eco","qa_gs_0455"
"qa-stem-eco","qa_gs_0456"
"qa-stem-eco","qa_gs_0457"
"qa-stem-eco","qa_gs_0458"
"qa-stem-eco","qa_gs_0459"
"qa-stem-eco","qa_gs_0460"
"qa-stem-eco","qa_gs_0461"
"qa-stem-eco","qa_gs_0462"
"qa-stem-eco","qa_gs_0463"
"qa-stem-eco","qa_gs_0464"
"qa-stem-eco","qa_gs_0465"
"qa-stem-eco","qa_gs_0466"
"qa-stem-eco","qa_gs_0467"
"qa-stem-eco","qa_gs_0468"
"qa-stem-eco","qa_gs_0469"
"qa-stem-eco","qa_gs_0470"
"qa-stem-eco","qa_gs_0471"
"qa-stem-eco","qa_gs_0472"
"qa-stem-eco","qa_gs_0473"
"qa-stem-eco","qa_gs_0474"
"qa-stem-eco","qa_gs_0475"
"qa-stem-eco","qa_gs_0476"
"qa-stem-eco","qa_gs_0477"
"qa-stem-eco","qa_gs_0478"
"qa-stem-eco","qa_gs_0479"
"qa-stem-eco","qa_gs_0480"
"qa-stem-eco","qa_gs_0481"
"qa-stem-eco","qa_gs_0482"
"qa-stem-eco","qa_gs_0483"
"qa-stem-eco","qa_gs_0484"
"qa-stem-eco","qa_gs_0485"
"qa-stem-eco","qa_gs_0486"
"qa-stem-eco","qa_gs_0487"
"qa-stem-eco","qa_gs_0488"
"qa-stem-eco","qa_gs_0489"
"qa-stem-eco","qa_gs_0490"
"qa-stem-eco","qa_gs_0491"
"qa-stem-eco","qa_gs_0492"
"qa-stem-eco","qa_gs_0493"
"qa-stem-eco","qa_gs_0494"
"qa-stem-eco","qa_gs_0495"
"qa-stem-eco","qa_gs_0496"
"qa-stem-eco","qa_gs_0497"
"qa-stem-eco","qa_gs_0498"
"qa-stem-eco","qa_gs_0499"
"qa-stem-eco","qa_gs_0500"
"qa-stem-eco","qa_gs_0501"
"qa-stem-eco","qa_gs_0502"
"qa-stem-eco","qa_gs_0503"
"qa-stem-eco","qa_gs_0504"
"qa-stem-eco","qa_gs_0505"
"qa-stem-eco","qa_gs_0506"
"qa-stem-eco","qa_gs_0507"
"qa-stem-eco","qa_gs_0508"
"qa-stem-eco","qa_gs_0509"
"qa-stem-eco","qa_gs_0510"
"qa-stem-eco","qa_gs_0511"
"qa-stem-eco","qa_gs_0512"
"qa-stem-eco","qa_gs_0513"
"qa-stem-eco","qa_gs_0514"
"qa-stem-eco","qa_gs_0515"
"qa-stem-eco","qa_gs_0516"
"qa-stem-eco","qa_gs_0517"
"qa-stem-eco","qa_gs_0518"
"qa-stem-eco","qa_gs_0519"
"qa-stem-eco","qa_gs_0520"
"qa-stem-eco","qa_gs_0521"
"qa-stem-eco","qa_gs_0522"
"qa-stem-eco","qa_gs_0523"
"qa-stem-eco","qa_gs_0524"
"qa-stem-eco","qa_gs_0525"
"qa-stem-eco","qa_gs_0526"
"qa-stem-eco","qa_gs_0527"
"qa-stem-eco","qa_gs_0528"
"qa-stem-eco","qa_gs_0529"
"qa-stem-eco","qa_gs_0530"
"qa-stem-eco","qa_gs_0531"
"qa-stem-eco","qa_gs_0532"
"qa-stem-eco","qa_gs_0533"
"qa-stem-eco","qa_gs_0534"
"qa-stem-eco","qa_gs_0535"
"qa-stem-eco","qa_gs_0536"
"qa-stem-eco","qa_gs_0537"
"qa-stem-eco","qa_gs_0538"
"qa-stem-eco","qa_gs_0539"
"qa-stem-eco","qa_gs_0540"
"qa-stem-eco","qa_gs_0541"
"qa-stem-eco","qa_gs_0542"
"qa-stem-eco","qa_gs_0543"
"qa-stem-eco","qa_gs_0544"
"qa-stem-eco","qa_gs_0545"
"qa-stem-eco","qa_gs_0546"
"qa-stem-eco","qa_gs_0547"
"qa-stem-eco","qa_gs_0548"
"qa-stem-eco","qa_gs_0549"
"qa-stem-eco","qa_gs_0550"
"qa-stem-eco","qa_gs_0551"
"qa-stem-eco","qa_gs_0552"
"qa-stem-eco","qa_gs_0553"
"qa-stem-eco","qa_gs_0554"
"qa-stem-eco","qa_gs_0555"
"qa-stem-eco","qa_gs_0556"
"qa-stem-eco","qa_gs_0557"
"qa-stem-eco","qa_gs_0558"
"qa-stem-eco","qa_gs_0559"
"qa-stem-eco","qa_gs_0560"
"qa-stem-eco","qa_gs_0561"
"qa-stem-eco","qa_gs_0562"
"qa-stem-eco","qa_gs_0563"
"qa-stem-eco","qa_gs_0564"
"qa-stem-eco","qa_gs_0565"
"qa-stem-eco","qa_gs_0566"
"qa-stem-eco","qa_gs_0567"
"qa-stem-eco","qa_gs_0568"
"qa-stem-eco","qa_gs_0569"
"qa-stem-eco","qa_gs_0570"
"qa-stem-eco","qa_gs_0571"
"qa-stem-eco","qa_gs_0572"
"qa-stem-eco","qa_gs_0573"
"qa-stem-eco","qa_gs_0574"
"qa-stem-eco","qa_gs_0575"
"qa-stem-eco","qa_gs_0576"
"qa-stem-eco","qa_gs_0577"
"qa-stem-eco","qa_gs_0578"
"qa-stem-eco","qa_gs_0579"
"qa-stem-eco","qa_gs_0580"
"qa-stem-eco","qa_gs_0581"
"qa-stem-eco","qa_gs_0582"
"qa-stem-eco","qa_gs_0583"
"qa-stem-eco","qa_gs_0584"
"qa-stem-eco","qa_gs_0585"
"qa-stem-eco","qa_gs_0586"
"qa-stem-eco","qa_gs_0587"
"qa-stem-eco","qa_gs_0588"
"qa-stem-eco","qa_gs_0589"
"qa-stem-eco","qa_gs_0590"
"qa-stem-eco","qa_gs_0591"
"qa-stem-eco","qa_gs_0592"
"qa-stem-eco","qa_gs_0593"
"qa-stem-eco","qa_gs_0594"
"qa-stem-eco","qa_gs_0595"
"qa-stem-eco","qa_gs_0596"
"qa-stem-eco","qa_gs_0597"
"qa-stem-eco","qa_gs_0598"
"qa-stem-eco","qa_gs_0599"
"qa-stem-eco","qa_gs_0600"
"qa-stem-eco","qa_gs_0601"
"qa-stem-eco","qa_gs_0602"
"qa-stem-eco","qa_gs_0603"
"qa-stem-eco","qa_gs_0604"
"qa-stem-eco","qa_gs_0605"
"qa-stem-eco","qa_gs_0606"
"qa-stem-eco","qa_gs_0607"
"qa-stem-eco","qa_gs_0608"
"qa-stem-eco","qa_gs_0609"
"qa-stem-eco","qa_gs_0610"
"qa-stem-eco","qa_gs_0611"
"qa-stem-eco","qa_gs_0612"
"qa-stem-eco","qa_gs_0613"
"qa-stem-eco","qa_gs_0614"
"qa-stem-eco","qa_gs_0615"
"qa-stem-eco","qa_gs_0616"
"qa-stem-eco","qa_gs_0617"
"qa-stem-eco","qa_gs_0618"
"qa-stem-eco","qa_gs_0619"
"qa-stem-eco","qa_gs_0620"
"qa-stem-eco","qa_gs_0621"
"qa-stem-eco","qa_gs_0622"
"qa-stem-eco","qa_gs_0623"
"qa-stem-eco","qa_gs_0624"
"qa-stem-eco","qa_gs_0625"
"qa-stem-eco","qa_gs_0626"
"qa-stem-eco","qa_gs_0627"
"qa-stem-eco","qa_gs_0628"
"qa-stem-eco","qa_gs_0629"
"qa-stem-eco","qa_gs_0630"
"qa-stem-eco","qa_gs_0631"
"qa-stem-eco","qa_gs_0632"
"qa-stem-eco","qa_gs_0633"
"qa-stem-eco","qa_gs_0634"
"qa-stem-eco","qa_gs_0635"
"qa-stem-eco","qa_gs_0636"
"qa-stem-eco","qa_gs_0637"
"qa-stem-eco","qa_gs_0638"
"qa-stem-eco","qa_gs_0639"
"qa-stem-eco","qa_gs_0640"
"qa-stem-eco","qa_gs_0641"
"qa-stem-eco","qa_gs_0642"
"qa-stem-eco","qa_gs_0643"
"qa-stem-eco","qa_gs_0644"
"qa-stem-eco","qa_gs_0645"
"qa-stem-eco","qa_gs_0646"
"qa-stem-eco","qa_gs_0647"
"qa-stem-eco","qa_gs_0648"
"qa-stem-eco","qa_gs_0649"
"qa-stem-eco","qa_gs_0650"
"qa-stem-eco","qa_gs_0651"
"qa-stem-eco","qa_gs_0652"
"qa-stem-eco","qa_gs_0653"
"qa-stem-eco","qa_gs_0654"
"qa-stem-eco","qa_gs_0655"
"qa-stem-eco","qa_gs_0656"
"qa-stem-eco","qa_gs_0657"
"qa-stem-eco","qa_gs_0658"
"qa-stem-eco","qa_gs_0659"
"qa-stem-eco","qa_gs_0660"
"qa-stem-eco","qa_gs_0661"
"qa-stem-eco","qa_gs_0662"
"qa-stem-eco","qa_gs_0663"
"qa-stem-eco","qa_gs_0664"
"qa-stem-eco","qa_gs_0665"
"qa-stem-eco","qa_gs_0666"
"qa-stem-eco","qa_gs_0667"
"qa-stem-eco","qa_gs_0668"
"qa-stem-eco","qa_gs_0669"
"qa-stem-eco","qa_gs_0670"
"qa-stem-eco","qa_gs_0671"
"qa-stem-eco","qa_gs_0672"
"qa-stem-eco","qa_gs_0673"
"qa-stem-eco","qa_gs_0674"
"qa-stem-eco","qa_gs_0675"
"qa-stem-eco","qa_gs_0676"
"qa-stem-eco","qa_gs_0677"
"qa-stem-eco","qa_gs_0678"
"qa-stem-eco","qa_gs_0679"
"qa-stem-eco","qa_gs_0680"
"qa-stem-eco","qa_gs_0681"
"qa-stem-eco","qa_gs_0682"
"qa-stem-eco","qa_gs_0683"
"qa-stem-eco","qa_gs_0684"
"qa-stem-eco","qa_gs_0685"
"qa-stem-eco","qa_gs_0686"
"qa-stem-eco","qa_gs_0687"
"qa-stem-eco","qa_gs_0688"
"qa-stem-eco","qa_gs_0689"
"qa-stem-eco","qa_gs_0690"
"qa-stem-eco","qa_gs_0691"
"qa-stem-eco","qa_gs_0692"
"qa-stem-eco","qa_gs_0693"
"qa-stem-eco","qa_gs_0694"
"qa-stem-eco","qa_gs_0695"
"qa-stem-eco","qa_gs_0696"
"qa-stem-eco","qa_gs_0697"
"qa-stem-eco","qa_gs_0698"
"qa-stem-eco","qa_gs_0699"
"qa-stem-eco","qa_gs_0700"
"qa-stem-eco","qa_gs_0701"
"qa-stem-eco","qa_gs_0702"
"qa-stem-eco","qa_gs_0703"
"qa-stem-eco","qa_gs_0704"
"qa-stem-eco","qa_gs_0705"
"qa-stem-eco","qa_gs_0706"
"qa-stem-eco","qa_gs_0707"
"qa-stem-eco","qa_gs_0708"
"qa-stem-eco","qa_gs_0709"
"qa-stem-eco","qa_gs_0710"
"qa-stem-eco","qa_gs_0711"
"qa-stem-eco","qa_gs_0712"
"qa-stem-eco","qa_gs_0713"
"qa-stem-eco","qa_gs_0714"
"qa-stem-eco","qa_gs_0715"
"qa-stem-eco","qa_gs_0716"
"qa-stem-eco","qa_gs_0717"
"qa-stem-eco","qa_gs_0718"
"qa-stem-eco","qa_gs_0719"
"qa-stem-eco","qa_gs_0720"
"qa-stem-eco","qa_gs_0721"
"qa-stem-eco","qa_gs_0722"
"qa-stem-eco","qa_gs_0723"
"qa-stem-eco","qa_gs_0724"
"qa-stem-eco","qa_gs_0725"
"qa-stem-eco","qa_gs_0726"
"qa-stem-eco","qa_gs_0727"
"qa-stem-eco","qa_gs_0728"
"qa-stem-eco","qa_gs_0729"
"qa-stem-eco","qa_gs_0730"
"qa-stem-eco","qa_gs_0731"
"qa-stem-eco","qa_gs_0732"
"qa-stem-eco","qa_gs_0733"
"qa-stem-eco","qa_gs_0734"
"qa-stem-eco","qa_gs_0735"
"qa-stem-eco","qa_gs_0736"
"qa-stem-eco","qa_gs_0737"
"qa-stem-eco","qa_gs_0738"
"qa-stem-eco","qa_gs_0739"
"qa-stem-eco","qa_gs_0740"
"qa-stem-eco","qa_gs_0741"
"qa-stem-eco","qa_gs_0742"
"qa-stem-eco","qa_gs_0743"
"qa-stem-eco","qa_gs_0744"
"qa-stem-eco","qa_gs_0745"
"qa-stem-eco","qa_gs_0746"
"qa-stem-eco","qa_gs_0747"
"qa-stem-eco","qa_gs_0748"
"qa-stem-eco","qa_gs_0749"
"qa-stem-eco","qa_gs_0750"
"qa-stem-eco","qa_gs_0751"
"qa-stem-eco","qa_gs_0752"
"qa-stem-eco","qa_gs_0753"
"qa-stem-eco","qa_gs_0754"
"qa-stem-eco","qa_gs_0755"
"qa-stem-eco","qa_gs_0756"
"qa-stem-eco","qa_gs_0757"
"qa-stem-eco","qa_gs_0758"
"qa-stem-eco","qa_gs_0759"
"qa-stem-eco","qa_gs_0760"
"qa-stem-eco","qa_gs_0761"
"qa-stem-eco","qa_gs_0762"
"qa-stem-eco","qa_gs_0763"
"qa-stem-eco","qa_gs_0764"
"qa-stem-eco","qa_gs_0765"
"qa-stem-eco","qa_gs_0766"
"qa-stem-eco","qa_gs_0767"
"qa-stem-eco","qa_gs_0768"
"qa-stem-eco","qa_gs_0769"
"qa-stem-eco","qa_gs_0770"
"qa-stem-eco","qa_gs_0771"
"qa-stem-eco","qa_gs_0772"
"qa-stem-eco","qa_gs_0773"
"qa-stem-eco","qa_gs_0774"
"qa-stem-eco","qa_gs_0775"
"qa-stem-eco","qa_gs_0776"
"qa-stem-eco","qa_gs_0777"
"qa-stem-eco","qa_gs_0778"
"qa-stem-eco","qa_gs_0779"
"qa-stem-eco","qa_gs_0780"
"qa-stem-eco","qa_gs_0781"
"qa-stem-eco","qa_gs_0782"
"qa-stem-eco","qa_gs_0783"
"qa-stem-eco","qa_gs_0784"
"qa-stem-eco","qa_gs_0785"
"qa-stem-eco","qa_gs_0786"
"qa-stem-eco","qa_gs_0787"
"qa-stem-eco","qa_gs_0788"
"qa-stem-eco","qa_gs_0789"
"qa-stem-eco","qa_gs_0790"
"qa-stem-eco","qa_gs_0791"
"qa-stem-eco","qa_gs_0792"
"qa-stem-eco","qa_gs_0793"
"qa-stem-eco","qa_gs_0794"
"qa-stem-eco","qa_gs_0795"
"qa-stem-eco","qa_gs_0796"
"qa-stem-eco","qa_gs_0797"
"qa-stem-eco","qa_gs_0798"
"qa-stem-eco","qa_gs_0799"
"qa-stem-eco","qa_gs_0800"
"qa-stem-eco","qa_gs_0801"
"qa-stem-eco","qa_gs_0802"
"qa-stem-eco","qa_gs_0803"
"qa-stem-eco","qa_gs_0804"
"qa-stem-eco","qa_gs_0805"
"qa-stem-eco","qa_gs_0806"
"qa-stem-eco","qa_gs_0807"
"qa-stem-eco","qa_gs_0808"
"qa-stem-eco","qa_gs_0809"
"qa-stem-eco","qa_gs_0810"
"qa-stem-eco","qa_gs_0811"
"qa-stem-eco","qa_gs_0812"
"qa-stem-eco","qa_gs_0813"
"qa-stem-eco","qa_gs_0814"
"qa-stem-eco","qa_gs_0815"
"qa-stem-eco","qa_gs_0816"
"qa-stem-eco","qa_gs_0817"
"qa-stem-eco","qa_gs_0818"
"qa-stem-eco","qa_gs_0819"
"qa-stem-eco","qa_gs_0820"
"qa-stem-eco","qa_gs_0821"
"qa-stem-eco","qa_gs_0822"
"qa-stem-eco","qa_gs_0823"
"qa-stem-eco","qa_gs_0824"
"qa-stem-eco","qa_gs_0825"
"qa-stem-eco","qa_gs_0826"
"qa-stem-eco","qa_gs_0827"
"qa-stem-eco","qa_gs_0828"
"qa-stem-eco","qa_gs_0829"
"qa-stem-eco","qa_gs_0830"
"qa-stem-eco","qa_gs_0831"
"qa-stem-eco","qa_gs_0832"
"qa-stem-eco","qa_gs_0833"
"qa-stem-eco","qa_gs_0834"
"qa-stem-eco","qa_gs_0835"
"qa-stem-eco","qa_gs_0836"
"qa-stem-eco","qa_gs_0837"
"qa-stem-eco","qa_gs_0838"
"qa-stem-eco","qa_gs_0839"
"qa-stem-eco","qa_gs_0840"
"qa-stem-eco","qa_gs_0841"
"qa-stem-eco","qa_gs_0842"
"qa-stem-eco","qa_gs_0843"
"qa-stem-eco","qa_gs_0844"
"qa-stem-eco","qa_gs_0845"
"qa-stem-eco","qa_gs_0846"
"qa-stem-eco","qa_gs_0847"
"qa-stem-eco","qa_gs_0848"
"qa-stem-eco","qa_gs_0849"
"qa-stem-eco","qa_gs_0850"
"qa-stem-eco","qa_gs_0851"
"qa-stem-eco","qa_gs_0852"
"qa-stem-eco","qa_gs_0853"
"qa-stem-eco","qa_gs_0854"
"qa-stem-eco","qa_gs_0855"
"qa-stem-eco","qa_gs_0856"
"qa-stem-eco","qa_gs_0857"
"qa-stem-eco","qa_gs_0858"
"qa-stem-eco","qa_gs_0859"
"qa-stem-eco","qa_gs_0860"
"qa-stem-eco","qa_gs_0861"
"qa-stem-eco","qa_gs_0862"
"qa-stem-eco","qa_gs_0863"
"qa-stem-eco","qa_gs_0864"
"qa-stem-eco","qa_gs_0865"
"qa-stem-eco","qa_gs_0866"
"qa-stem-eco","qa_gs_0867"
"qa-stem-eco","qa_gs_0868"
"qa-stem-eco","qa_gs_0869"
"qa-stem-eco","qa_gs_0870"
"qa-stem-eco","qa_gs_0871"
"qa-stem-eco","qa_gs_0872"
"qa-stem-eco","qa_gs_0873"
"qa-stem-eco","qa_gs_0874"
"qa-stem-eco","qa_gs_0875"
"qa-stem-eco","qa_gs_0876"
"qa-stem-eco","qa_gs_0877"
"qa-stem-eco","qa_gs_0878"
"qa-stem-eco","qa_gs_0879"
"qa-stem-eco","qa_gs_0880"
"qa-stem-eco","qa_gs_0881"
"qa-stem-eco","qa_gs_0882"
"qa-stem-eco","qa_gs_0883"
"qa-stem-eco","qa_gs_0884"
"qa-stem-eco","qa_gs_0885"
"qa-stem-eco","qa_gs_0886"
"qa-stem-eco","qa_gs_0887"
"qa-stem-eco","qa_gs_0888"
"qa-stem-eco","qa_gs_0889"
"qa-stem-eco","qa_gs_0890"
"qa-stem-eco","qa_gs_0891"
"qa-stem-eco","qa_gs_0892"
"qa-stem-eco","qa_gs_0893"
"qa-stem-eco","qa_gs_0894"
"qa-stem-eco","qa_gs_0895"
"qa-stem-eco","qa_gs_0896"
"qa-stem-eco","qa_gs_0897"
"qa-stem-eco","qa_gs_0898"
"qa-stem-eco","qa_gs_0899"
"qa-stem-eco","qa_gs_0900"
"qa-stem-eco","qa_gs_0901"
"qa-stem-eco","qa_gs_0902"
"qa-stem-eco","qa_gs_0903"
"qa-stem-eco","qa_gs_0904"
"qa-stem-eco","qa_gs_0905"
"qa-stem-eco","qa_gs_0906"
"qa-stem-eco","qa_gs_0907"
"qa-stem-eco","qa_gs_0908"
"qa-stem-eco","qa_gs_0909"
"qa-stem-eco","qa_gs_0910"
"qa-stem-eco","qa_gs_0911"
"qa-stem-eco","qa_gs_0912"
"qa-stem-eco","qa_gs_0913"
"qa-stem-eco","qa_gs_0914"
"qa-stem-eco","qa_gs_0915"
"qa-stem-eco","qa_gs_0916"
"qa-stem-eco","qa_gs_0917"
"qa-stem-eco","qa_gs_0918"
"qa-stem-eco","qa_gs_0919"
"qa-stem-eco","qa_gs_0920"
"qa-stem-eco","qa_gs_0921"
"qa-stem-eco","qa_gs_0922"
"qa-stem-eco","qa_gs_0923"
"qa-stem-eco","qa_gs_0924"
"qa-stem-eco","qa_gs_0925"
"qa-stem-eco","qa_gs_0926"
"qa-stem-eco","qa_gs_0927"
"qa-stem-eco","qa_gs_0928"
"qa-stem-eco","qa_gs_0929"
"qa-stem-eco","qa_gs_0930"
"qa-stem-eco","qa_gs_0931"
"qa-stem-eco","qa_gs_0932"
"qa-stem-eco","qa_gs_0933"
"qa-stem-eco","qa_gs_0934"
"qa-stem-eco","qa_gs_0935"
"qa-stem-eco","qa_gs_0936"
"qa-stem-eco","qa_gs_0937"
"qa-stem-eco","qa_gs_0938"
"qa-stem-eco","qa_gs_0939"
"qa-stem-eco","qa_gs_0940"
"qa-stem-eco","qa_gs_0941"
"qa-stem-eco","qa_gs_0942"
"qa-stem-eco","qa_gs_0943"
"qa-stem-eco","qa_gs_0944"
"qa-stem-eco","qa_gs_0945"
"qa-stem-eco","qa_gs_0946"
"qa-stem-eco","qa_gs_0947"
"qa-stem-eco","qa_gs_0948"
"qa-stem-eco","qa_gs_0949"
"qa-stem-eco","qa_gs_0950"
"qa-stem-eco","qa_gs_0951"
"qa-stem-eco","qa_gs_0952"
"qa-stem-eco","qa_gs_0953"
"qa-stem-eco","qa_gs_0954"
"qa-stem-eco","qa_gs_0955"
"qa-stem-eco","qa_gs_0956"
"qa-stem-eco","qa_gs_0957"
"qa-stem-eco","qa_gs_0958"
"qa-stem-eco","qa_gs_0959"
"qa-stem-eco","qa_gs_0960"
"qa-stem-eco","qa_gs_0961"
"qa-stem-eco","qa_gs_0962"
"qa-stem-eco","qa_gs_0963"
"qa-stem-eco","qa_gs_0964"
"qa-stem-eco","qa_gs_0965"
"qa-stem-eco","qa_gs_0966"
"qa-stem-eco","qa_gs_0967"
"qa-stem-eco","qa_gs_0968"
"qa-stem-eco","qa_gs_0969"
"qa-stem-eco","qa_gs_0970"
"qa-stem-eco","qa_gs_0971"
"qa-stem-eco","qa_gs_0972"
"qa-stem-eco","qa_gs_0973"
"qa-stem-eco","qa_gs_0974"
"qa-stem-eco","qa_gs_0975"
"qa-stem-eco","qa_gs_0976"
"qa-stem-eco","qa_gs_0977"
"qa-stem-eco","qa_gs_0978"
"qa-stem-eco","qa_gs_0979"
"qa-stem-eco","qa_gs_0980"
"qa-stem-eco","qa_gs_0981"
"qa-stem-eco","qa_gs_0982"
"qa-stem-eco","qa_gs_0983"
"qa-stem-eco","qa_gs_0984"
"qa-stem-eco","qa_gs_0985"
"qa-stem-eco","qa_gs_0986"
"qa-stem-eco","qa_gs_0987"
"qa-stem-eco","qa_gs_0988"
"qa-stem-eco","qa_gs_0989"
"qa-stem-eco","qa_gs_0990"
"qa-stem-eco","qa_gs_0991"
"qa-stem-eco","qa_gs_0992"
"qa-stem-eco","qa_gs_0993"
"qa-stem-eco","qa_gs_0994"
"qa-stem-eco","qa_gs_0995"
"qa-stem-eco","qa_gs_0996"
"qa-stem-eco","qa_gs_0997"
"qa-stem-eco","qa_gs_0998"
"qa-stem-eco","qa_gs_0999"
"qa-stem-eco","qa_gs_1000"
"qa-stem-eco","qa_gs_1001"
"qa-stem-eco","qa_gs_1002"
"qa-stem-eco","qa_gs_1003"
"qa-stem-eco","qa_gs_1004"
"qa-stem-eco","qa_gs_1005"
"qa-stem-eco","qa_gs_1006"
"qa-stem-eco","qa_gs_1007"
"qa-stem-eco","qa_gs_1008"
"qa-stem-eco","qa_gs_1009"
"qa-stem-eco","qa_gs_1010"
"qa-stem-eco","qa_gs_1011"
"qa-stem-eco","qa_gs_1012"
"qa-stem-eco","qa_gs_1013"
"qa-stem-eco","qa_gs_1014"
"qa-stem-eco","qa_gs_1015"
"qa-stem-eco","qa_gs_1016"
"qa-stem-eco","qa_gs_1017"
"qa-stem-eco","qa_gs_1018"
"qa-stem-eco","qa_gs_1019"
"qa-stem-eco","qa_gs_1020"
"qa-stem-eco","qa_gs_1021"
"qa-stem-eco","qa_gs_1022"
"qa-stem-eco","qa_gs_1023"
"qa-stem-eco","qa_gs_1024"
"qa-stem-eco","qa_gs_1025"
"qa-stem-eco","qa_gs_1026"
"qa-stem-eco","qa_gs_1027"
"qa-stem-eco","qa_gs_1028"
"qa-stem-eco","qa_gs_1029"
"qa-stem-eco","qa_gs_1030"
"qa-stem-eco","qa_gs_1031"
"qa-stem-eco","qa_gs_1032"
"qa-stem-eco","qa_gs_1033"
"qa-stem-eco","qa_gs_1034"
"qa-stem-eco","qa_gs_1035"
"qa-stem-eco","qa_gs_1036"
"qa-stem-eco","qa_gs_1037"
"qa-stem-eco","qa_gs_1038"
"qa-stem-eco","qa_gs_1039"
"qa-stem-eco","qa_gs_1040"
"qa-stem-eco","qa_gs_1041"
"qa-stem-eco","qa_gs_1042"
"qa-stem-eco","qa_gs_1043"
"qa-stem-eco","qa_gs_1044"
"qa-stem-eco","qa_gs_1045"
"qa-stem-eco","qa_gs_1046"
"qa-stem-eco","qa_gs_1047"
"qa-stem-eco","qa_gs_1048"
"qa-stem-eco","qa_gs_1049"
"qa-stem-eco","qa_gs_1050"
"qa-stem-eco","qa_gs_1051"
"qa-stem-eco","qa_gs_1052"
"qa-stem-eco","qa_gs_1053"
"qa-stem-eco","qa_gs_1054"
"qa-stem-eco","qa_gs_1055"
"qa-stem-eco","qa_gs_1056"
"qa-stem-eco","qa_gs_1057"
"qa-stem-eco","qa_gs_1058"
"qa-stem-eco","qa_gs_1059"
"qa-stem-eco","qa_gs_1060"
"qa-stem-eco","qa_gs_1061"
"qa-stem-eco","qa_gs_1062"
"qa-stem-eco","qa_gs_1063"
"qa-stem-eco","qa_gs_1064"
"qa-stem-eco","qa_gs_1065"
"qa-stem-eco","qa_gs_1066"
"qa-stem-eco","qa_gs_1067"
"qa-stem-eco","qa_gs_1068"
"qa-stem-eco","qa_gs_1069"
"qa-stem-eco","qa_gs_1070"
"qa-stem-eco","qa_gs_1071"
"qa-stem-eco","qa_gs_1072"
"qa-stem-eco","qa_gs_1073"
"qa-stem-eco","qa_gs_1074"
"qa-stem-eco","qa_gs_1075"
"qa-stem-eco","qa_gs_1076"
"qa-stem-eco","qa_gs_1077"
"qa-stem-eco","qa_gs_1078"
"qa-stem-eco","qa_gs_1079"
"qa-stem-eco","qa_gs_1080"
"qa-stem-eco","qa_gs_1081"
"qa-stem-eco","qa_gs_1082"
"qa-stem-eco","qa_gs_1083"
"qa-stem-eco","qa_gs_1084"
"qa-stem-eco","qa_gs_1085"
"qa-stem-eco","qa_gs_1086"
"qa-stem-eco","qa_gs_1087"
"qa-stem-eco","qa_gs_1088"
"qa-stem-eco","qa_gs_1089"
"qa-stem-eco","qa_gs_1090"
"qa-stem-eco","qa_gs_1091"
"qa-stem-eco","qa_gs_1092"
"qa-stem-eco","qa_gs_1093"
"qa-stem-eco","qa_gs_1094"
"qa-stem-eco","qa_gs_1095"
"qa-stem-eco","qa_gs_1096"
"qa-stem-eco","qa_gs_1097"
"qa-stem-eco","qa_gs_1098"
"qa-stem-eco","qa_gs_1099"
"qa-stem-eco","qa_gs_1100"
"qa-stem-eco","qa_gs_1101"
"qa-stem-eco","qa_gs_1102"
"qa-stem-eco","qa_gs_1103"
"qa-stem-eco","qa_gs_1104"
"qa-stem-eco","qa_gs_1105"
"qa-stem-eco","qa_gs_1106"
"qa-stem-eco","qa_gs_1107"
"qa-stem-eco","qa_gs_1108"
"qa-stem-eco","qa_gs_1109"
"qa-stem-eco","qa_gs_1110"
"qa-stem-eco","qa_gs_1111"
"qa-stem-eco","qa_gs_1112"
"qa-stem-eco","qa_gs_1113"
"qa-stem-eco","qa_gs_1114"
"qa-stem-eco","qa_gs_1115"
"qa-stem-eco","qa_gs_1116"
"qa-stem-eco","qa_gs_1117"
"qa-stem-eco","qa_gs_1118"
"qa-stem-eco","qa_gs_1119"
"qa-stem-eco","qa_gs_1120"
"qa-stem-eco","qa_gs_1121"
"qa-stem-eco","qa_gs_1122"
"qa-stem-eco","qa_gs_1123"
"qa-stem-eco","qa_gs_1124"
"qa-stem-eco","qa_gs_1125"
"qa-stem-eco","qa_gs_1126"
"qa-stem-eco","qa_gs_1127"
"qa-stem-eco","qa_gs_1128"
"qa-stem-eco","qa_gs_1129"
"qa-stem-eco","qa_gs_1130"
"qa-stem-eco","qa_gs_1131"
"qa-stem-eco","qa_gs_1132"
"qa-stem-eco","qa_gs_1133"
"qa-stem-eco","qa_gs_1134"
"qa-stem-eco","qa_gs_1135"
"qa-stem-eco","qa_gs_1136"
"qa-stem-eco","qa_gs_1137"
"qa-stem-eco","qa_gs_1138"
"qa-stem-eco","qa_gs_1139"
"qa-stem-eco","qa_gs_1140"
"qa-stem-eco","qa_gs_1141"
"qa-stem-eco","qa_gs_1142"
"qa-stem-eco","qa_gs_1143"
"qa-stem-eco","qa_gs_1144"
"qa-stem-eco","qa_gs_1145"
"qa-stem-eco","qa_gs_1146"
"qa-stem-eco","qa_gs_1147"
"qa-stem-eco","qa_gs_1148"
"qa-stem-eco","qa_gs_1149"
"qa-stem-eco","qa_gs_1150"
"qa-stem-eco","qa_gs_1151"
"qa-stem-eco","qa_gs_1152"
"qa-stem-eco","qa_gs_1153"
"qa-stem-eco","qa_gs_1154"
"qa-stem-eco","qa_gs_1155"
"qa-stem-eco","qa_gs_1156"
"qa-stem-eco","qa_gs_1157"
"qa-stem-eco","qa_gs_1158"
"qa-stem-eco","qa_gs_1159"
"qa-stem-eco","qa_gs_1160"
"qa-stem-eco","qa_gs_1161"
"qa-stem-eco","qa_gs_1162"
"qa-stem-eco","qa_gs_1163"
"qa-stem-eco","qa_gs_1164"
"qa-stem-eco","qa_gs_1165"
"qa-stem-eco","qa_gs_1166"
"qa-stem-eco","qa_gs_1167"
"qa-stem-eco","qa_gs_1168"
"qa-stem-eco","qa_gs_1169"
"qa-stem-eco","qa_gs_1170"
"qa-stem-eco","qa_gs_1171"
"qa-stem-eco","qa_gs_1172"
"qa-stem-eco","qa_gs_1173"
"qa-stem-eco","qa_gs_1174"
"qa-stem-eco","qa_gs_1175"
"qa-stem-eco","qa_gs_1176"
"qa-stem-eco","qa_gs_1177"
"qa-stem-eco","qa_gs_1178"
"qa-stem-eco","qa_gs_1179"
"qa-stem-eco","qa_gs_1180"
"qa-stem-eco","qa_gs_1181"
"qa-stem-eco","qa_gs_1182"
"qa-stem-eco","qa_gs_1183"
"qa-stem-eco","qa_gs_1184"
"qa-stem-eco","qa_gs_1185"
"qa-stem-eco","qa_gs_1186"
"qa-stem-eco","qa_gs_1187"
"qa-stem-eco","qa_gs_1188"
"qa-stem-eco","qa_gs_1189"
"qa-stem-eco","qa_gs_1190"
"qa-stem-eco","qa_gs_1191"
"qa-stem-eco","qa_gs_1192"
"qa-stem-eco","qa_gs_1193"
"qa-stem-eco","qa_gs_1194"
"qa-stem-eco","qa_gs_1195"
"qa-stem-eco","qa_gs_1196"
"qa-stem-eco","qa_gs_1197"
"qa-stem-eco","qa_gs_1198"
"qa-stem-eco","qa_gs_1199"
"qa-stem-eco","qa_gs_1200"
"qa-stem-eco","qa_gs_1201"
"qa-stem-eco","qa_gs_1202"
"qa-stem-eco","qa_gs_1203"
"qa-stem-eco","qa_gs_1204"
"qa-stem-eco","qa_gs_1205"
"qa-stem-eco","qa_gs_1206"
"qa-stem-eco","qa_gs_1207"
"qa-stem-eco","qa_gs_1208"
"qa-stem-eco","qa_gs_1209"
"qa-stem-eco","qa_gs_1210"
"qa-stem-eco","qa_gs_1211"
"qa-stem-eco","qa_gs_1212"
"qa-stem-eco","qa_gs_1213"
"qa-stem-eco","qa_gs_1214"
"qa-stem-eco","qa_gs_1215"
"qa-stem-eco","qa_gs_1216"
"qa-stem-eco","qa_gs_1217"
"qa-stem-eco","qa_gs_1218"
"qa-stem-eco","qa_gs_1219"
"qa-stem-eco","qa_gs_1220"
"qa-stem-eco","qa_gs_1221"
"qa-stem-eco","qa_gs_1222"
"qa-stem-eco","qa_gs_1223"
"qa-stem-eco","qa_gs_1224"
"qa-stem-eco","qa_gs_1225"
"qa-stem-eco","qa_gs_1226"
"qa-stem-eco","qa_gs_1227"
"qa-stem-eco","qa_gs_1228"
"qa-stem-eco","qa_gs_1229"
"qa-stem-eco","qa_gs_1230"
"qa-stem-eco","qa_gs_1231"
"qa-stem-eco","qa_gs_1232"
"qa-stem-eco","qa_gs_1233"
"qa-stem-eco","qa_gs_1234"
"qa-stem-eco","qa_gs_1235"
"qa-stem-eco","qa_gs_1236"
"qa-stem-eco","qa_gs_1237"
"qa-stem-eco","qa_gs_1238"
"qa-stem-eco","qa_gs_1239"
"qa-stem-eco","qa_gs_1240"
"qa-stem-eco","qa_gs_1241"
"qa-stem-eco","qa_gs_1242"
"qa-stem-eco","qa_gs_1243"
"qa-stem-eco","qa_gs_1244"
"qa-stem-eco","qa_gs_1245"
"qa-stem-eco","qa_gs_1246"
"qa-stem-eco","qa_gs_1247"
"qa-stem-eco","qa_gs_1248"
"qa-stem-eco","qa_gs_1249"
"qa-stem-eco","qa_gs_1250"
"qa-stem-eco","qa_gs_1251"
"qa-stem-eco","qa_gs_1252"
"qa-stem-eco","qa_gs_1253"
"qa-stem-eco","qa_gs_1254"
"qa-stem-eco","qa_gs_1255"
"qa-stem-eco","qa_gs_1256"
"qa-stem-eco","qa_gs_1257"
"qa-stem-eco","qa_gs_1258"
"qa-stem-eco","qa_gs_1259"
"qa-stem-eco","qa_gs_1260"
"qa-stem-eco","qa_gs_1261"
"qa-stem-eco","qa_gs_1262"
"qa-stem-eco","qa_gs_1263"
"qa-stem-eco","qa_gs_1264"
"qa-stem-eco","qa_gs_1265"
"qa-stem-eco","qa_gs_1266"
"qa-stem-eco","qa_gs_1267"
"qa-stem-eco","qa_gs_1268"
"qa-stem-eco","qa_gs_1269"
"qa-stem-eco","qa_gs_1270"
"qa-stem-eco","qa_gs_1271"
"qa-stem-eco","qa_gs_1272"
"qa-stem-eco","qa_gs_1273"
"qa-stem-eco","qa_gs_1274"
"qa-stem-eco","qa_gs_1275"
"qa-stem-eco","qa_gs_1276"
"qa-stem-eco","qa_gs_1277"
"qa-stem-eco","qa_gs_1278"
"qa-stem-eco","qa_gs_1279"
"qa-stem-eco","qa_gs_1280"
"qa-stem-eco","qa_gs_1281"
"qa-stem-eco","qa_gs_1282"
"qa-stem-eco","qa_gs_1283"
"qa-stem-eco","qa_gs_1284"
"qa-stem-eco","qa_gs_1285"
"qa-stem-eco","qa_gs_1286"
"qa-stem-eco","qa_gs_1287"
"qa-stem-eco","qa_gs_1288"
"qa-stem-eco","qa_gs_1289"
"qa-stem-eco","qa_gs_1290"
"qa-stem-eco","qa_gs_1291"
"qa-stem-eco","qa_gs_1292"
"qa-stem-eco","qa_gs_1293"
"qa-stem-eco","qa_gs_1294"
"qa-stem-eco","qa_gs_1295"
"qa-stem-eco","qa_gs_1296"
"qa-stem-eco","qa_gs_1297"
"qa-stem-eco","qa_gs_1298"
"qa-stem-eco","qa_gs_1299"
"qa-stem-eco","qa_gs_1300"
"qa-stem-eco","qa_gs_1301"
"qa-stem-eco","qa_gs_1302"
"qa-stem-eco","qa_gs_1303"
"qa-stem-eco","qa_gs_1304"
"qa-stem-eco","qa_gs_1305"
"qa-stem-eco","qa_gs_1306"
"qa-stem-eco","qa_gs_1307"
"qa-stem-eco","qa_gs_1308"
"qa-stem-eco","qa_gs_1309"
"qa-stem-eco","qa_gs_1310"
"qa-stem-eco","qa_gs_1311"
"qa-stem-eco","qa_gs_1312"
"qa-stem-eco","qa_gs_1313"
"qa-stem-eco","qa_gs_1314"
"qa-stem-eco","qa_gs_1315"
"qa-stem-eco","qa_gs_1316"
"qa-stem-eco","qa_gs_1317"
"qa-stem-eco","qa_gs_1318"
"qa-stem-eco","qa_gs_1319"
"qa-stem-eco","qa_gs_1320"
"qa-stem-eco","qa_gs_1321"
"qa-stem-eco","qa_gs_1322"
"qa-stem-eco","qa_gs_1323"
"qa-stem-eco","qa_gs_1324"
"qa-stem-eco","qa_gs_1325"
"qa-stem-eco","qa_gs_1326"
"qa-stem-eco","qa_gs_1327"
"qa-stem-eco","qa_gs_1328"
"qa-stem-eco","qa_gs_1329"
"qa-stem-eco","qa_gs_1330"
"qa-stem-eco","qa_gs_1331"
"qa-stem-eco","qa_gs_1332"
"qa-stem-eco","qa_gs_1333"
"qa-stem-eco","qa_gs_1334"
"qa-stem-eco","qa_gs_1335"
"qa-stem-eco","qa_gs_1336"
"qa-stem-eco","qa_gs_1337"
"qa-stem-eco","qa_gs_1338"
"qa-stem-eco","qa_gs_1339"
"qa-stem-eco","qa_gs_1340"
"qa-stem-eco","qa_gs_1341"
"qa-stem-eco","qa_gs_1342"
"qa-stem-eco","qa_gs_1343"
"qa-stem-eco","qa_gs_1344"
"qa-stem-eco","qa_gs_1345"
"qa-stem-eco","qa_gs_1346"
"qa-stem-eco","qa_gs_1347"
"qa-stem-eco","qa_gs_1348"
"qa-stem-eco","qa_gs_1349"
"qa-stem-eco","qa_gs_1350"
"qa-stem-eco","qa_gs_1351"
"qa-stem-eco","qa_gs_1352"
"qa-stem-eco","qa_gs_1353"
"qa-stem-eco","qa_gs_1354"
"qa-stem-eco","qa_gs_1355"
"qa-stem-eco","qa_gs_1356"
"qa-stem-eco","qa_gs_1357"
"qa-stem-eco","qa_gs_1358"
"qa-stem-eco","qa_gs_1359"
"qa-stem-eco","qa_gs_1360"
"qa-stem-eco","qa_gs_1361"
"qa-stem-eco","qa_gs_1362"
"qa-stem-eco","qa_gs_1363"
"qa-stem-eco","qa_gs_1364"
"qa-stem-eco","qa_gs_1365"
"qa-stem-eco","qa_gs_1366"
"qa-stem-eco","qa_gs_1367"
"qa-stem-eco","qa_gs_1368"
"qa-stem-eco","qa_gs_1369"
"qa-stem-eco","qa_gs_1370"
"qa-stem-eco","qa_gs_1371"
"qa-stem-eco","qa_gs_1372"
"qa-stem-eco","qa_gs_1373"
"qa-stem-eco","qa_gs_1374"
"qa-stem-eco","qa_gs_1375"
"qa-stem-eco","qa_gs_1376"
"qa-stem-eco","qa_gs_1377"
"qa-stem-eco","qa_gs_1378"
"qa-stem-eco","qa_gs_1379"
"qa-stem-eco","qa_gs_1380"
"qa-stem-eco","qa_gs_1381"
"qa-stem-eco","qa_gs_1382"
"qa-stem-eco","qa_gs_1383"
"qa-stem-eco","qa_gs_1384"
"qa-stem-eco","qa_gs_1385"
"qa-stem-eco","qa_gs_1386"
"qa-stem-eco","qa_gs_1387"
"qa-stem-eco","qa_gs_1388"
"qa-stem-eco","qa_gs_1389"
"qa-stem-eco","qa_gs_1390"
"qa-stem-eco","qa_gs_1391"
"qa-stem-eco","qa_gs_1392"
"qa-stem-eco","qa_gs_1393"
"qa-stem-eco","qa_gs_1394"
"qa-stem-eco","qa_gs_1395"
"qa-stem-eco","qa_gs_1396"
"qa-stem-eco","qa_gs_1397"
"qa-stem-eco","qa_gs_1398"
"qa-stem-eco","qa_gs_1399"
"qa-stem-eco","qa_gs_1400"
"qa-stem-eco","qa_gs_1401"
"qa-stem-eco","qa_gs_1402"
"qa-stem-eco","qa_gs_1403"
"qa-stem-eco","qa_gs_1404"
"qa-stem-eco","qa_gs_1405"
"qa-stem-eco","qa_gs_1406"
"qa-stem-eco","qa_gs_1407"
"qa-stem-eco","qa_gs_1408"
"qa-stem-eco","qa_gs_1409"
"qa-stem-eco","qa_gs_1410"
"qa-stem-eco","qa_gs_1411"
"qa-stem-eco","qa_gs_1412"
"qa-stem-eco","qa_gs_1413"
"qa-stem-eco","qa_gs_1414"
"qa-stem-eco","qa_gs_1415"
"qa-stem-eco","qa_gs_1416"
"qa-stem-eco","qa_gs_1417"
"qa-stem-eco","qa_gs_1418"
"qa-stem-eco","qa_gs_1419"
"qa-stem-eco","qa_gs_1420"
"qa-stem-eco","qa_gs_1421"
"qa-stem-eco","qa_gs_1422"
"qa-stem-eco","qa_gs_1423"
"qa-stem-eco","qa_gs_1424"
"qa-stem-eco","qa_gs_1425"
"qa-stem-eco","qa_gs_1426"
"qa-stem-eco","qa_gs_1427"
"qa-stem-eco","qa_gs_1428"
"qa-stem-eco","qa_gs_1429"
"qa-stem-eco","qa_gs_1430"
"qa-stem-eco","qa_gs_1431"
"qa-stem-eco","qa_gs_1432"
"qa-stem-eco","qa_gs_1433"
"qa-stem-eco","qa_gs_1434"
"qa-stem-eco","qa_gs_1435"
"qa-stem-eco","qa_gs_1436"
"qa-stem-eco","qa_gs_1437"
"qa-stem-eco","qa_gs_1438"
"qa-stem-eco","qa_gs_1439"
"qa-stem-eco","qa_gs_1440"
"qa-stem-eco","qa_gs_1441"
"qa-stem-eco","qa_gs_1442"
"qa-stem-eco","qa_gs_1443"
"qa-stem-eco","qa_gs_1444"
"qa-stem-eco","qa_gs_1445"
"qa-stem-eco","qa_gs_1446"
"qa-stem-eco","qa_gs_1447"
"qa-stem-eco","qa_gs_1448"
"qa-stem-eco","qa_gs_1449"
"qa-stem-eco","qa_gs_1450"
"qa-stem-eco","qa_gs_1451"
"qa-stem-eco","qa_gs_1452"
"qa-stem-eco","qa_gs_1453"
"qa-stem-eco","qa_gs_1454"
"qa-stem-eco","qa_gs_1455"
"qa-stem-eco","qa_gs_1456"
"qa-stem-eco","qa_gs_1457"
"qa-stem-eco","qa_gs_1458"
"qa-stem-eco","qa_gs_1459"
"qa-stem-eco","qa_gs_1460"
"qa-stem-eco","qa_gs_1461"
"qa-stem-eco","qa_gs_1462"
"qa-stem-eco","qa_gs_1463"
"qa-stem-eco","qa_gs_1464"
"qa-stem-eco","qa_gs_1465"
"qa-stem-eco","qa_gs_1466"
"qa-stem-eco","qa_gs_1467"
"qa-stem-eco","qa_gs_1468"
"qa-stem-eco","qa_gs_1469"
"qa-stem-eco","qa_gs_1470"
"qa-stem-eco","qa_gs_1471"
"qa-stem-eco","qa_gs_1472"
"qa-stem-eco","qa_gs_1473"
"qa-stem-eco","qa_gs_1474"
"qa-stem-eco","qa_gs_1475"
"qa-stem-eco","qa_gs_1476"
"qa-stem-eco","qa_gs_1477"
"qa-stem-eco","qa_gs_1478"
"qa-stem-eco","qa_gs_1479"
"qa-stem-eco","qa_gs_1480"
"qa-stem-eco","qa_gs_1481"
"qa-stem-eco","qa_gs_1482"
"qa-stem-eco","qa_gs_1483"
"qa-stem-eco","qa_gs_1484"
"qa-stem-eco","qa_gs_1485"
"qa-stem-eco","qa_gs_1486"
"qa-stem-eco","qa_gs_1487"
"qa-stem-eco","qa_gs_1488"
"qa-stem-eco","qa_gs_1489"
"qa-stem-eco","qa_gs_1490"
"qa-stem-eco","qa_gs_1491"
"qa-stem-eco","qa_gs_1492"
"qa-stem-eco","qa_gs_1493"
"qa-stem-eco","qa_gs_1494"
"qa-stem-eco","qa_gs_1495"
"qa-stem-eco","qa_gs_1496"
"qa-stem-eco","qa_gs_1497"
"qa-stem-eco","qa_gs_1498"
"qa-stem-eco","qa_gs_1499"
"qa-stem-eco","qa_gs_1500"
"qa-stem-eco","qa_gs_1501"
"qa-stem-eco","qa_gs_1502"
"qa-stem-eco","qa_gs_1503"
"qa-stem-eco","qa_gs_1504"
"qa-stem-eco","qa_gs_1505"
"qa-stem-eco","qa_gs_1506"
"qa-stem-eco","qa_gs_1507"
"qa-stem-eco","qa_gs_1508"
"qa-stem-eco","qa_gs_1509"
"qa-stem-eco","qa_gs_1510"
"qa-stem-eco","qa_gs_1511"
"qa-stem-eco","qa_gs_1512"
"qa-stem-eco","qa_gs_1513"
"qa-stem-eco","qa_gs_1514"
"qa-stem-eco","qa_gs_1515"
"qa-stem-eco","qa_gs_1516"
"qa-stem-eco","qa_gs_1517"
"qa-stem-eco","qa_gs_1518"
"qa-stem-eco","qa_gs_1519"
"qa-stem-eco","qa_gs_1520"
"qa-stem-eco","qa_gs_1521"
"qa-stem-eco","qa_gs_1522"
"qa-stem-eco","qa_gs_1523"
"qa-stem-eco","qa_gs_1524"
"qa-stem-eco","qa_gs_1525"
"qa-stem-eco","qa_gs_1526"
"qa-stem-eco","qa_gs_1527"
"qa-stem-eco","qa_gs_1528"
"qa-stem-eco","qa_gs_1529"
"qa-stem-eco","qa_gs_1530"
"qa-stem-eco","qa_gs_1531"
"qa-stem-eco","qa_gs_1532"
"qa-stem-eco","qa_gs_1533"
"qa-stem-eco","qa_gs_1534"
"qa-stem-eco","qa_gs_1535"
"qa-stem-eco","qa_gs_1536"
"qa-stem-eco","qa_gs_1537"
"qa-stem-eco","qa_gs_1538"
"qa-stem-eco","qa_gs_1539"
"qa-stem-eco","qa_gs_1540"
"qa-stem-eco","qa_gs_1541"
"qa-stem-eco","qa_gs_1542"
"qa-stem-eco","qa_gs_1543"
"qa-stem-eco","qa_gs_1544"
"qa-stem-eco","qa_gs_1545"
"qa-stem-eco","qa_gs_1546"
"qa-stem-eco","qa_gs_1547"
"qa-stem-eco","qa_gs_1548"
"qa-stem-eco","qa_gs_1549"
"qa-stem-eco","qa_gs_1550"
"qa-stem-eco","qa_gs_1551"
"qa-stem-eco","qa_gs_1552"
"qa-stem-eco","qa_gs_1553"
"qa-stem-eco","qa_gs_1554"
"qa-stem-eco","qa_gs_1555"
"qa-stem-eco","qa_gs_1556"
"qa-stem-eco","qa_gs_1557"
"qa-stem-eco","qa_gs_1558"
"qa-stem-eco","qa_gs_1559"
"qa-stem-eco","qa_gs_1560"
"qa-stem-eco","qa_gs_1561"
"qa-stem-eco","qa_gs_1562"
"qa-stem-eco","qa_gs_1563"
"qa-stem-eco","qa_gs_1564"
"qa-stem-eco","qa_gs_1565"
"qa-stem-eco","qa_gs_1566"
"qa-stem-eco","qa_gs_1567"
"qa-stem-eco","qa_gs_1568"
"qa-stem-eco","qa_gs_1569"
"qa-stem-eco","qa_gs_1570"
"qa-stem-eco","qa_gs_1571"
"qa-stem-eco","qa_gs_1572"
"qa-stem-eco","qa_gs_1573"
"qa-stem-eco","qa_gs_1574"
"qa-stem-eco","qa_gs_1575"
"qa-stem-eco","qa_gs_1576"
"qa-stem-eco","qa_gs_1577"
"qa-stem-eco","qa_gs_1578"
"qa-stem-eco","qa_gs_1579"
"qa-stem-eco","qa_gs_1580"
"qa-stem-eco","qa_gs_1581"
"qa-stem-eco","qa_gs_1582"
"qa-stem-eco","qa_gs_1583"
"qa-stem-eco","qa_gs_1584"
"qa-stem-eco","qa_gs_1585"
"qa-stem-eco","qa_gs_1586"
"qa-stem-eco","qa_gs_1587"
"qa-stem-eco","qa_gs_1588"
"qa-stem-eco","qa_gs_1589"
"qa-stem-eco","qa_gs_1590"
"qa-stem-eco","qa_gs_1591"
"qa-stem-eco","qa_gs_1592"
"qa-stem-eco","qa_gs_1593"
"qa-stem-eco","qa_gs_1594"
"qa-stem-eco","qa_gs_1595"
"qa-stem-eco","qa_gs_1596"
"qa-stem-eco","qa_gs_1597"
"qa-stem-eco","qa_gs_1598"
"qa-stem-eco","qa_gs_1599"
"qa-stem-eco","qa_gs_1600"
"qa-stem-eco","qa_gs_1601"
"qa-stem-eco","qa_gs_1602"
"qa-stem-eco","qa_gs_1603"
"qa-stem-eco","qa_gs_1604"
"qa-stem-eco","qa_gs_1605"
"qa-stem-eco","qa_gs_1606"
"qa-stem-eco","qa_gs_1607"
"qa-stem-eco","qa_gs_1608"
"qa-stem-eco","qa_gs_1609"
"qa-stem-eco","qa_gs_1610"
"qa-stem-eco","qa_gs_1611"
"qa-stem-eco","qa_gs_1612"
"qa-stem-eco","qa_gs_1613"
"qa-stem-eco","qa_gs_1614"
"qa-stem-eco","qa_gs_1615"
"qa-stem-eco","qa_gs_1616"
"qa-stem-eco","qa_gs_1617"
"qa-stem-eco","qa_gs_1618"
"qa-stem-eco","qa_gs_1619"
"qa-stem-eco","qa_gs_1620"
"qa-stem-eco","qa_gs_1621"
"qa-stem-eco","qa_gs_1622"
"qa-stem-eco","qa_gs_1623"
"qa-stem-eco","qa_gs_1624"
"qa-stem-eco","qa_gs_1625"
"qa-stem-eco","qa_gs_1626"
"qa-stem-eco","qa_gs_1627"
"qa-stem-eco","qa_gs_1628"
"qa-stem-eco","qa_gs_1629"
"qa-stem-eco","qa_gs_1630"
"qa-stem-eco","qa_gs_1631"
"qa-stem-eco","qa_gs_1632"
"qa-stem-eco","qa_gs_1633"
"qa-stem-eco","qa_gs_1634"
"qa-stem-eco","qa_gs_1635"
"qa-stem-eco","qa_gs_1636"
"qa-stem-eco","qa_gs_1637"
"qa-stem-eco","qa_gs_1638"
"qa-stem-eco","qa_gs_1639"
"qa-stem-eco","qa_gs_1640"
"qa-stem-eco","qa_gs_1641"
"qa-stem-eco","qa_gs_1642"
"qa-stem-eco","qa_gs_1643"
"qa-stem-eco","qa_gs_1644"
"qa-stem-eco","qa_gs_1645"
"qa-stem-eco","qa_gs_1646"
"qa-stem-eco","qa_gs_1647"
"qa-stem-eco","qa_gs_1648"
"qa-stem-eco","qa_gs_1649"
"qa-stem-eco","qa_gs_1650"
"qa-stem-eco","qa_gs_1651"
"qa-stem-eco","qa_gs_1652"
"qa-stem-eco","qa_gs_1653"
"qa-stem-eco","qa_gs_1654"
"qa-stem-eco","qa_gs_1655"
"qa-stem-eco","qa_gs_1656"
"qa-stem-eco","qa_gs_1657"
"qa-stem-eco","qa_gs_1658"
"qa-stem-eco","qa_gs_1659"
"qa-stem-eco","qa_gs_1660"
"qa-stem-eco","qa_gs_1661"
"qa-stem-eco","qa_gs_1662"
"qa-stem-eco","qa_gs_1663"
"qa-stem-eco","qa_gs_1664"
"qa-stem-eco","qa_gs_1665"
"qa-stem-eco","qa_gs_1666"
"qa-stem-eco","qa_gs_1667"
"qa-stem-eco","qa_gs_1668"
"qa-stem-eco","qa_gs_1669"
"qa-stem-eco","qa_gs_1670"
"qa-stem-eco","qa_gs_1671"
"qa-stem-eco","qa_gs_1672"
"qa-stem-eco","qa_gs_1673"
"qa-stem-eco","qa_gs_1674"
"qa-stem-eco","qa_gs_1675"
"qa-stem-eco","qa_gs_1676"
"qa-stem-eco","qa_gs_1677"
"qa-stem-eco","qa_gs_1678"
"qa-stem-eco","qa_gs_1679"
"qa-stem-eco","qa_gs_1680"
"qa-stem-eco","qa_gs_1681"
"qa-stem-eco","qa_gs_1682"
"qa-stem-eco","qa_gs_1683"
"qa-stem-eco","qa_gs_1684"
"qa-stem-eco","qa_gs_1685"
"qa-stem-eco","qa_gs_1686"
"qa-stem-eco","qa_gs_1687"
"qa-stem-eco","qa_gs_1688"
"qa-stem-eco","qa_gs_1689"
"qa-stem-eco","qa_gs_1690"
"qa-stem-eco","qa_gs_1691"
"qa-stem-eco","qa_gs_1692"
"qa-stem-eco","qa_gs_1693"
"qa-stem-eco","qa_gs_1694"
"qa-stem-eco","qa_gs_1695"
"qa-stem-eco","qa_gs_1696"
"qa-stem-eco","qa_gs_1697"
"qa-stem-eco","qa_gs_1698"
"qa-stem-eco","qa_gs_1699"
"qa-stem-eco","qa_gs_1700"
"qa-stem-eco","qa_gs_1701"
"qa-stem-eco","qa_gs_1702"
"qa-stem-eco","qa_gs_1703"
"qa-stem-eco","qa_gs_1704"
"qa-stem-eco","qa_gs_1705"
"qa-stem-eco","qa_gs_1706"
"qa-stem-eco","qa_gs_1707"
"qa-stem-eco","qa_gs_1708"
"qa-stem-eco","qa_gs_1709"
"qa-stem-eco","qa_gs_1710"
"qa-stem-eco","qa_gs_1711"
"qa-stem-eco","qa_gs_1712"
"qa-stem-eco","qa_gs_1713"
"qa-stem-eco","qa_gs_1714"
"qa-stem-eco","qa_gs_1715"
"qa-stem-eco","qa_gs_1716"
"qa-stem-eco","qa_gs_1717"
"qa-stem-eco","qa_gs_1718"
"qa-stem-eco","qa_gs_1719"
"qa-stem-eco","qa_gs_1720"
"qa-stem-eco","qa_gs_1721"
"qa-stem-eco","qa_gs_1722"
"qa-stem-eco","qa_gs_1723"
"qa-stem-eco","qa_gs_1724"
"qa-stem-eco","qa_gs_1725"
"qa-stem-eco","qa_gs_1726"
"qa-stem-eco","qa_gs_1727"
"qa-stem-eco","qa_gs_1728"
"qa-stem-eco","qa_gs_1729"
"qa-stem-eco","qa_gs_1730"
"qa-stem-eco","qa_gs_1731"
"qa-stem-eco","qa_gs_1732"
"qa-stem-eco","qa_gs_1733"
"qa-stem-eco","qa_gs_1734"
"qa-stem-eco","qa_gs_1735"
"qa-stem-eco","qa_gs_1736"
"qa-stem-eco","qa_gs_1737"
"qa-stem-eco","qa_gs_1738"
"qa-stem-eco","qa_gs_1739"
"qa-stem-eco","qa_gs_1740"
"qa-stem-eco","qa_gs_1741"
"qa-stem-eco","qa_gs_1742"
"qa-stem-eco","qa_gs_1743"
"qa-stem-eco","qa_gs_1744"
"qa-stem-eco","qa_gs_1745"
"qa-stem-eco","qa_gs_1746"
"qa-stem-eco","qa_gs_1747"
"qa-stem-eco","qa_gs_1748"
"qa-stem-eco","qa_gs_1749"
"qa-stem-eco","qa_gs_1750"
"qa-stem-eco","qa_gs_1751"
"qa-stem-eco","qa_gs_1752"
"qa-stem-eco","qa_gs_1753"
"qa-stem-eco","qa_gs_1754"
"qa-stem-eco","qa_gs_1755"
"qa-stem-eco","qa_gs_1756"
"qa-stem-eco","qa_gs_1757"
"qa-stem-eco","qa_gs_1758"
"qa-stem-eco","qa_gs_1759"
"qa-stem-eco","qa_gs_1760"
"qa-stem-eco","qa_gs_1761"
"qa-stem-eco","qa_gs_1762"
"qa-stem-eco","qa_gs_1763"
"qa-stem-eco","qa_gs_1764"
"qa-stem-eco","qa_gs_1765"
"qa-stem-eco","qa_gs_1766"
"qa-stem-eco","qa_gs_1767"
"qa-stem-eco","qa_gs_1768"
"qa-stem-eco","qa_gs_1769"
"qa-stem-eco","qa_gs_1770"
"qa-stem-eco","qa_gs_1771"
"qa-stem-eco","qa_gs_1772"
"qa-stem-eco","qa_gs_1773"
"qa-stem-eco","qa_gs_1774"
"qa-stem-eco","qa_gs_1775"
"qa-stem-eco","qa_gs_1776"
"qa-stem-eco","qa_gs_1777"
"qa-stem-eco","qa_gs_1778"
"qa-stem-eco","qa_gs_1779"
"qa-stem-eco","qa_gs_1780"
"qa-stem-eco","qa_gs_1781"
"qa-stem-eco","qa_gs_1782"
"qa-stem-eco","qa_gs_1783"
"qa-stem-eco","qa_gs_1784"
"qa-stem-eco","qa_gs_1785"
"qa-stem-eco","qa_gs_1786"
"qa-stem-eco","qa_gs_1787"
"qa-stem-eco","qa_gs_1788"
"qa-stem-eco","qa_gs_1789"
"qa-stem-eco","qa_gs_1790"
"qa-stem-eco","qa_gs_1791"
"qa-stem-eco","qa_gs_1792"
"qa-stem-eco","qa_gs_1793"
"qa-stem-eco","qa_gs_1794"
"qa-stem-eco","qa_gs_1795"
"qa-stem-eco","qa_gs_1796"
"qa-stem-eco","qa_gs_1797"
"qa-stem-eco","qa_gs_1798"
"qa-stem-eco","qa_gs_1799"
"qa-stem-eco","qa_gs_1800"
"qa-stem-eco","qa_gs_1801"
"qa-stem-eco","qa_gs_1802"
"qa-stem-eco","qa_gs_1803"
"qa-stem-eco","qa_gs_1804"
"qa-stem-eco","qa_gs_1805"
"qa-stem-eco","qa_gs_1806"
"qa-stem-eco","qa_gs_1807"
"qa-stem-eco","qa_gs_1808"
"qa-stem-eco","qa_gs_1809"
"qa-stem-eco","qa_gs_1810"
"qa-stem-eco","qa_gs_1811"
"qa-stem-eco","qa_gs_1812"
"qa-stem-eco","qa_gs_1813"
"qa-stem-eco","qa_gs_1814"
"qa-stem-eco","qa_gs_1815"
"qa-stem-eco","qa_gs_1816"
"qa-stem-eco","qa_gs_1817"
"qa-stem-eco","qa_gs_1818"
"qa-stem-eco","qa_gs_1819"
"qa-stem-eco","qa_gs_1820"
"qa-stem-eco","qa_gs_1821"
"qa-stem-eco","qa_gs_1822"
"qa-stem-eco","qa_gs_1823"
"qa-stem-eco","qa_gs_1824"
"qa-stem-eco","qa_gs_1825"
"qa-stem-eco","qa_gs_1826"
"qa-stem-eco","qa_gs_1827"
"qa-stem-eco","qa_gs_1828"
"qa-stem-eco","qa_gs_1829"
"qa-stem-eco","qa_gs_1830"
"qa-stem-eco","qa_gs_1831"
"qa-stem-eco","qa_gs_1832"
"qa-stem-eco","qa_gs_1833"
"qa-stem-eco","qa_gs_1834"
"qa-stem-eco","qa_gs_1835"
"qa-stem-eco","qa_gs_1836"
"qa-stem-eco","qa_gs_1837"
"qa-stem-eco","qa_gs_1838"
"qa-stem-eco","qa_gs_1839"
"qa-stem-eco","qa_gs_1840"
"qa-stem-eco","qa_gs_1841"
"qa-stem-eco","qa_gs_1842"
"qa-stem-eco","qa_gs_1843"
"qa-stem-eco","qa_gs_1844"
"qa-stem-eco","qa_gs_1845"
"qa-stem-eco","qa_gs_1846"
"qa-stem-eco","qa_gs_1847"
"qa-stem-eco","qa_gs_1848"
"qa-stem-eco","qa_gs_1849"
"qa-stem-eco","qa_gs_1850"
"qa-stem-eco","qa_gs_1851"
"qa-stem-eco","qa_gs_1852"
"qa-stem-eco","qa_gs_1853"
"qa-stem-eco","qa_gs_1854"
"qa-stem-eco","qa_gs_1855"
"qa-stem-eco","qa_gs_1856"
"qa-stem-eco","qa_gs_1857"
"qa-stem-eco","qa_gs_1858"
"qa-stem-eco","qa_gs_1859"
"qa-stem-eco","qa_gs_1860"
"qa-stem-eco","qa_gs_1861"
"qa-stem-eco","qa_gs_1862"
"qa-stem-eco","qa_gs_1863"
"qa-stem-eco","qa_gs_1864"
"qa-stem-eco","qa_gs_1865"
"qa-stem-eco","qa_gs_1866"
"qa-stem-eco","qa_gs_1867"
"qa-stem-eco","qa_gs_1868"
"qa-stem-eco","qa_gs_1869"
"qa-stem-eco","qa_gs_1870"
"qa-stem-eco","qa_gs_1871"
"qa-stem-eco","qa_gs_1872"
"qa-stem-eco","qa_gs_1873"
"qa-stem-eco","qa_gs_1874"
"qa-stem-eco","qa_gs_1875"
"qa-stem-eco","qa_gs_1876"
"qa-stem-eco","qa_gs_1877"
"qa-stem-eco","qa_gs_1878"
"qa-stem-eco","qa_gs_1879"
"qa-stem-eco","qa_gs_1880"
"qa-stem-eco","qa_gs_1881"
"qa-stem-eco","qa_gs_1882"
"qa-stem-eco","qa_gs_1883"
"qa-stem-eco","qa_gs_1884"
"qa-stem-eco","qa_gs_1885"
"qa-stem-eco","qa_gs_1886"
"qa-stem-eco","qa_gs_1887"
"qa-stem-eco","qa_gs_1888"
"qa-stem-eco","qa_gs_1889"
"qa-stem-eco","qa_gs_1890"
"qa-stem-eco","qa_gs_1891"
"qa-stem-eco","qa_gs_1892"
"qa-stem-eco","qa_gs_1893"
"qa-stem-eco","qa_gs_1894"
"qa-stem-eco","qa_gs_1895"
"qa-stem-eco","qa_gs_1896"
"qa-stem-eco","qa_gs_1897"
"qa-stem-eco","qa_gs_1898"
"qa-stem-eco","qa_gs_1899"
"qa-stem-eco","qa_gs_1900"
"qa-stem-eco","qa_gs_1901"
"qa-stem-eco","qa_gs_1902"
"qa-stem-eco","qa_gs_1903"
"qa-stem-eco","qa_gs_1904"
"qa-stem-eco","qa_gs_1905"
"qa-stem-eco","qa_gs_1906"
"qa-stem-eco","qa_gs_1907"
"qa-stem-eco","qa_gs_1908"
"qa-stem-eco","qa_gs_1909"
"qa-stem-eco","qa_gs_1910"
"qa-stem-eco","qa_gs_1911"
"qa-stem-eco","qa_gs_1912"
"qa-stem-eco","qa_gs_1913"
"qa-stem-eco","qa_gs_1914"
"qa-stem-eco","qa_gs_1915"
"qa-stem-eco","qa_gs_1916"
"qa-stem-eco","qa_gs_1917"
"qa-stem-eco","qa_gs_1918"
"qa-stem-eco","qa_gs_1919"
"qa-stem-eco","qa_gs_1920"
"qa-stem-eco","qa_gs_1921"
"qa-stem-eco","qa_gs_1922"
"qa-stem-eco","qa_gs_1923"
"qa-stem-eco","qa_gs_1924"
"qa-stem-eco","qa_gs_1925"
"qa-stem-eco","qa_gs_1926"
"qa-stem-eco","qa_gs_1927"
"qa-stem-eco","qa_gs_1928"
"qa-stem-eco","qa_gs_1929"
"qa-stem-eco","qa_gs_1930"
"qa-stem-eco","qa_gs_1931"
"qa-stem-eco","qa_gs_1932"
"qa-stem-eco","qa_gs_1933"
"qa-stem-eco","qa_gs_1934"
"qa-stem-eco","qa_gs_1935"
"qa-stem-eco","qa_gs_1936"
"qa-stem-eco","qa_gs_1937"
"qa-stem-eco","qa_gs_1938"
"qa-stem-eco","qa_gs_1939"
"qa-stem-eco","qa_gs_1940"
"qa-stem-eco","qa_gs_1941"
"qa-stem-eco","qa_gs_1942"
"qa-stem-eco","qa_gs_1943"
"qa-stem-eco","qa_gs_1944"
"qa-stem-eco","qa_gs_1945"
"qa-stem-eco","qa_gs_1946"
"qa-stem-eco","qa_gs_1947"
"qa-stem-eco","qa_gs_1948"
"qa-stem-eco","qa_gs_1949"
"qa-stem-eco","qa_gs_1950"
"qa-stem-eco","qa_gs_1951"
"qa-stem-eco","qa_gs_1952"
"qa-stem-eco","qa_gs_1953"
"qa-stem-eco","qa_gs_1954"
"qa-stem-eco","qa_gs_1955"
"qa-stem-eco","qa_gs_1956"
"qa-stem-eco","qa_gs_1957"
"qa-stem-eco","qa_gs_1958"
"qa-stem-eco","qa_gs_1959"
"qa-stem-eco","qa_gs_1960"
"qa-stem-eco","qa_gs_1961"
"qa-stem-eco","qa_gs_1962"
"qa-stem-eco","qa_gs_1963"
"qa-stem-eco","qa_gs_1964"
"qa-stem-eco","qa_gs_1965"
"qa-stem-eco","qa_gs_1966"
"qa-stem-eco","qa_gs_1967"
"qa-stem-eco","qa_gs_1968"
"qa-stem-eco","qa_gs_1969"
"qa-stem-eco","qa_gs_1970"
"qa-stem-eco","qa_gs_1971"
"qa-stem-eco","qa_gs_1972"
"qa-stem-eco","qa_gs_1973"
"qa-stem-eco","qa_gs_1974"
"qa-stem-eco","qa_gs_1975"
"qa-stem-eco","qa_gs_1976"
"qa-stem-eco","qa_gs_1977"
"qa-stem-eco","qa_gs_1978"
"qa-stem-eco","qa_gs_1979"
"qa-stem-eco","qa_gs_1980"
"qa-stem-eco","qa_gs_1981"
"qa-stem-eco","qa_gs_1982"
"qa-stem-eco","qa_gs_1983"
"qa-stem-eco","qa_gs_1984"
"qa-stem-eco","qa_gs_1985"
"qa-stem-eco","qa_gs_1986"
"qa-stem-eco","qa_gs_1987"
"qa-stem-eco","qa_gs_1988"
"qa-stem-eco","qa_gs_1989"
"qa-stem-eco","qa_gs_1990"
"qa-stem-eco","qa_gs_1991"
"qa-stem-eco","qa_gs_1992"
"qa-stem-eco","qa_gs_1993"
"qa-stem-eco","qa_gs_1994"
"qa-stem-eco","qa_gs_1995"
"qa-stem-eco","qa_gs_1996"
"qa-stem-eco","qa_gs_1997"
"qa-stem-eco","qa_gs_1998"
"qa-stem-eco","qa_gs_1999"
"qa-stem-eco","qa_gs_2000"
"qa-stem-eco","qa_gs_2001"
"qa-stem-eco","qa_gs_2002"
"qa-stem-eco","qa_gs_2003"
"qa-stem-eco","qa_gs_2004"
"qa-stem-eco","qa_gs_2005"
"qa-stem-eco","qa_gs_2006"
"qa-stem-eco","qa_gs_2007"
"qa-stem-eco","qa_gs_2008"
"qa-stem-eco","qa_gs_2009"
"qa-stem-eco","qa_gs_2010"
"qa-stem-eco","qa_gs_2011"
"qa-stem-eco","qa_gs_2012"
"qa-stem-eco","qa_gs_2013"
"qa-stem-eco","qa_gs_2014"
"qa-stem-eco","qa_gs_2015"
"qa-stem-eco","qa_gs_2016"
"qa-stem-eco","qa_gs_2017"
"qa-stem-eco","qa_gs_2018"
"qa-stem-eco","qa_gs_2019"
"qa-stem-eco","qa_gs_2020"
"qa-stem-eco","qa_gs_2021"
"qa-stem-eco","qa_gs_2022"
"qa-stem-eco","qa_gs_2023"
"qa-stem-eco","qa_gs_2024"
"qa-stem-eco","qa_gs_2025"
"qa-stem-eco","qa_gs_2026"
"qa-stem-eco","qa_gs_2027"
"qa-stem-eco","qa_gs_2028"
"qa-stem-eco","qa_gs_2029"
"qa-stem-eco","qa_gs_2030"
"qa-stem-eco","qa_gs_2031"
"qa-stem-eco","qa_gs_2032"
"qa-stem-eco","qa_gs_2033"
"qa-stem-eco","qa_gs_2034"
"qa-stem-eco","qa_gs_2035"
"qa-stem-eco","qa_gs_2036"
"qa-stem-eco","qa_gs_2037"
"qa-stem-eco","qa_gs_2038"
"qa-stem-eco","qa_gs_2039"
"qa-stem-eco","qa_gs_2040"
"qa-stem-eco","qa_gs_2041"
"qa-stem-eco","qa_gs_2042"
"qa-stem-eco","qa_gs_2043"
"qa-stem-eco","qa_gs_2044"
"qa-stem-eco","qa_gs_2045"
"qa-stem-eco","qa_gs_2046"
"qa-stem-eco","qa_gs_2047"
"qa-stem-eco","qa_gs_2048"
"qa-stem-eco","qa_gs_2049"
"qa-stem-eco","qa_gs_2050"
"qa-stem-eco","qa_gs_2051"
"qa-stem-eco","qa_gs_2052"
"qa-stem-eco","qa_gs_2053"
"qa-stem-eco","qa_gs_2054"
"qa-stem-eco","qa_gs_2055"
"qa-stem-eco","qa_gs_2056"
"qa-stem-eco","qa_gs_2057"
"qa-stem-eco","qa_gs_2058"
"qa-stem-eco","qa_gs_2059"
"qa-stem-eco","qa_gs_2060"
"qa-stem-eco","qa_gs_2061"
"qa-stem-eco","qa_gs_2062"
"qa-stem-eco","qa_gs_2063"
"qa-stem-eco","qa_gs_2064"
"qa-stem-eco","qa_gs_2065"
"qa-stem-eco","qa_gs_2066"
"qa-stem-eco","qa_gs_2067"
"qa-stem-eco","qa_gs_2068"
"qa-stem-eco","qa_gs_2069"
"qa-stem-eco","qa_gs_2070"
"qa-stem-eco","qa_gs_2071"
"qa-stem-eco","qa_gs_2072"
"qa-stem-eco","qa_gs_2073"
"qa-stem-eco","qa_gs_2074"
"qa-stem-eco","qa_gs_2075"
"qa-stem-eco","qa_gs_2076"
"qa-stem-eco","qa_gs_2077"
"qa-stem-eco","qa_gs_2078"
"qa-stem-eco","qa_gs_2079"
"qa-stem-eco","qa_gs_2080"
"qa-stem-eco","qa_gs_2081"
"qa-stem-eco","qa_gs_2082"
"qa-stem-eco","qa_gs_2083"
"qa-stem-eco","qa_gs_2084"
"qa-stem-eco","qa_gs_2085"
"qa-stem-eco","qa_gs_2086"
"qa-stem-eco","qa_gs_2087"
"qa-stem-eco","qa_gs_2088"
"qa-stem-eco","qa_gs_2089"
"qa-stem-eco","qa_gs_2090"
"qa-stem-eco","qa_gs_2091"
"qa-stem-eco","qa_gs_2092"
"qa-stem-eco","qa_gs_2093"
"qa-stem-eco","qa_gs_2094"
"qa-stem-eco","qa_gs_2095"
"qa-stem-eco","qa_gs_2096"
"qa-stem-eco","qa_gs_2097"
"qa-stem-eco","qa_gs_2098"
"qa-stem-eco","qa_gs_2099"
"qa-stem-eco","qa_gs_2100"
"qa-stem-eco","qa_gs_2101"
"qa-stem-eco","qa_gs_2102"
"qa-stem-eco","qa_gs_2103"
"qa-stem-eco","qa_gs_2104"
"qa-stem-eco","qa_gs_2105"
"qa-stem-eco","qa_gs_2106"
"qa-stem-eco","qa_gs_2107"
"qa-stem-eco","qa_gs_2108"
"qa-stem-eco","qa_gs_2109"
"qa-stem-eco","qa_gs_2110"
"qa-stem-eco","qa_gs_2111"
"qa-stem-eco","qa_gs_2112"
"qa-stem-eco","qa_gs_2113"
"qa-stem-eco","qa_gs_2114"
"qa-stem-eco","qa_gs_2115"
"qa-stem-eco","qa_gs_2116"
"qa-stem-eco","qa_gs_2117"
"qa-stem-eco","qa_gs_2118"
"qa-stem-eco","qa_gs_2119"
"qa-stem-eco","qa_gs_2120"
"qa-stem-eco","qa_gs_2121"
"qa-stem-eco","qa_gs_2122"
"qa-stem-eco","qa_gs_2123"
"qa-stem-eco","qa_gs_2124"
"qa-stem-eco","qa_gs_2125"
"qa-stem-eco","qa_gs_2126"
"qa-stem-eco","qa_gs_2127"
"qa-stem-eco","qa_gs_2128"
"qa-stem-eco","qa_gs_2129"
"qa-stem-eco","qa_gs_2130"
"qa-stem-eco","qa_gs_2131"
"qa-stem-eco","qa_gs_2132"
"qa-stem-eco","qa_gs_2133"
"qa-stem-eco","qa_gs_2134"
"qa-stem-eco","qa_gs_2135"
"qa-stem-eco","qa_gs_2136"
"qa-stem-eco","qa_gs_2137"
"qa-stem-eco","qa_gs_2138"
"qa-stem-eco","qa_gs_2139"
"qa-stem-eco","qa_gs_2140"
"qa-stem-eco","qa_gs_2141"
"qa-stem-eco","qa_gs_2142"
"qa-stem-eco","qa_gs_2143"
"qa-stem-eco","qa_gs_2144"
"qa-stem-eco","qa_gs_2145"
"qa-stem-eco","qa_gs_2146"
"qa-stem-eco","qa_gs_2147"
"qa-stem-eco","qa_gs_2148"
"qa-stem-eco","qa_gs_2149"
"qa-stem-eco","qa_gs_2150"
"qa-stem-eco","qa_gs_2151"
"qa-stem-eco","qa_gs_2152"
"qa-stem-eco","qa_gs_2153"
"qa-stem-eco","qa_gs_2154"
"qa-stem-eco","qa_gs_2155"
"qa-stem-eco","qa_gs_2156"
"qa-stem-eco","qa_gs_2157"
"qa-stem-eco","qa_gs_2158"
"qa-stem-eco","qa_gs_2159"
"qa-stem-eco","qa_gs_2160"
"qa-stem-eco","qa_gs_2161"
"qa-stem-eco","qa_gs_2162"
"qa-stem-eco","qa_gs_2163"
"qa-stem-eco","qa_gs_2164"
"qa-stem-eco","qa_gs_2165"
"qa-stem-eco","qa_gs_2166"
"qa-stem-eco","qa_gs_2167"
"qa-stem-eco","qa_gs_2168"
"qa-stem-eco","qa_gs_2169"
"qa-stem-eco","qa_gs_2170"
"qa-stem-eco","qa_gs_2171"
"qa-stem-eco","qa_gs_2172"
"qa-stem-eco","qa_gs_2173"
"qa-stem-eco","qa_gs_2174"
"qa-stem-eco","qa_gs_2175"
"qa-stem-eco","qa_gs_2176"
"qa-stem-eco","qa_gs_2177"
"qa-stem-eco","qa_gs_2178"
"qa-stem-eco","qa_gs_2179"
"qa-stem-eco","qa_gs_2180"
"qa-stem-eco","qa_gs_2181"
"qa-stem-eco","qa_gs_2182"
"qa-stem-eco","qa_gs_2183"
"qa-stem-eco","qa_gs_2184"
"qa-stem-eco","qa_gs_2185"
"qa-stem-eco","qa_gs_2186"
"qa-stem-eco","qa_gs_2187"
"qa-stem-eco","qa_gs_2188"
"qa-stem-eco","qa_gs_2189"
"qa-stem-eco","qa_gs_2190"
"qa-stem-eco","qa_gs_2191"
"qa-stem-eco","qa_gs_2192"
"qa-stem-eco","qa_gs_2193"
"qa-stem-eco","qa_gs_2194"
"qa-stem-eco","qa_gs_2195"
"qa-stem-eco","qa_gs_2196"
"qa-stem-eco","qa_gs_2197"
"qa-stem-eco","qa_gs_2198"
"qa-stem-eco","qa_gs_2199"
"qa-stem-eco","qa_gs_2200"
"qa-stem-eco","qa_gs_2201"
"qa-stem-eco","qa_gs_2202"
"qa-stem-eco","qa_gs_2203"
"qa-stem-eco","qa_gs_2204"
"qa-stem-eco","qa_gs_2205"
"qa-stem-eco","qa_gs_2206"
"qa-stem-eco","qa_gs_2207"
"qa-stem-eco","qa_gs_2208"
"qa-stem-eco","qa_gs_2209"
"qa-stem-eco","qa_gs_2210"
"qa-stem-eco","qa_gs_2211"
"qa-stem-eco","qa_gs_2212"
"qa-stem-eco","qa_gs_2213"
"qa-stem-eco","qa_gs_2214"
"qa-stem-eco","qa_gs_2215"
"qa-stem-eco","qa_gs_2216"
"qa-stem-eco","qa_gs_2217"
"qa-stem-eco","qa_gs_2218"
"qa-stem-eco","qa_gs_2219"
"qa-stem-eco","qa_gs_2220"
"qa-stem-eco","qa_gs_2221"
"qa-stem-eco","qa_gs_2222"
"qa-stem-eco","qa_gs_2223"
"qa-stem-eco","qa_gs_2224"
"qa-stem-eco","qa_gs_2225"
"qa-stem-eco","qa_gs_2226"
"qa-stem-eco","qa_gs_2227"
"qa-stem-eco","qa_gs_2228"
"qa-stem-eco","qa_gs_2229"
"qa-stem-eco","qa_gs_2230"
"qa-stem-eco","qa_gs_2231"
"qa-stem-eco","qa_gs_2232"
"qa-stem-eco","qa_gs_2233"
"qa-stem-eco","qa_gs_2234"
"qa-stem-eco","qa_gs_2235"
"qa-stem-eco","qa_gs_2236"
"qa-stem-eco","qa_gs_2237"
"qa-stem-eco","qa_gs_2238"
"qa-stem-eco","qa_gs_2239"
"qa-stem-eco","qa_gs_2240"
"qa-stem-eco","qa_gs_2241"
"qa-stem-eco","qa_gs_2242"
"qa-stem-eco","qa_gs_2243"
"qa-stem-eco","qa_gs_2244"
"qa-stem-eco","qa_gs_2245"
"qa-stem-eco","qa_gs_2246"
"qa-stem-eco","qa_gs_2247"
"qa-stem-eco","qa_gs_2248"
"qa-stem-eco","qa_gs_2249"
"qa-stem-eco","qa_gs_2250"
"qa-stem-eco","qa_gs_2251"
"qa-stem-eco","qa_gs_2252"
"qa-stem-eco","qa_gs_2253"
"qa-stem-eco","qa_gs_2254"
"qa-stem-eco","qa_gs_2255"
"qa-stem-eco","qa_gs_2256"
"qa-stem-eco","qa_gs_2257"
"qa-stem-eco","qa_gs_2258"
"qa-stem-eco","qa_gs_2259"
"qa-stem-eco","qa_gs_2260"
"qa-stem-eco","qa_gs_2261"
"qa-stem-eco","qa_gs_2262"
"qa-stem-eco","qa_gs_2263"
"qa-stem-eco","qa_gs_2264"
"qa-stem-eco","qa_gs_2265"
"qa-stem-eco","qa_gs_2266"
"qa-stem-eco","qa_gs_2267"
"qa-stem-eco","qa_gs_2268"
"qa-stem-eco","qa_gs_2269"
"qa-stem-eco","qa_gs_2270"
"qa-stem-eco","qa_gs_2271"
"qa-stem-eco","qa_gs_2272"
"qa-stem-eco","qa_gs_2273"
"qa-stem-eco","qa_gs_2274"
"qa-stem-eco","qa_gs_2275"
"qa-stem-eco","qa_gs_2276"
"qa-stem-eco","qa_gs_2277"
"qa-stem-eco","qa_gs_2278"
"qa-stem-eco","qa_gs_2279"
"qa-stem-eco","qa_gs_2280"
"qa-stem-eco","qa_gs_2281"
"qa-stem-eco","qa_gs_2282"
"qa-stem-eco","qa_gs_2283"
"qa-stem-eco","qa_gs_2284"
"qa-stem-eco","qa_gs_2285"
"qa-stem-eco","qa_gs_2286"
"qa-stem-eco","qa_gs_2287"
"qa-stem-eco","qa_gs_2288"
"qa-stem-eco","qa_gs_2289"
"qa-stem-eco","qa_gs_2290"
"qa-stem-eco","qa_gs_2291"
"qa-stem-eco","qa_gs_2292"
"qa-stem-eco","qa_gs_2293"
"qa-stem-eco","qa_gs_2294"
"qa-stem-eco","qa_gs_2295"
"qa-stem-eco","qa_gs_2296"
"qa-stem-eco","qa_gs_2297"
"qa-stem-eco","qa_gs_2298"
"qa-stem-eco","qa_gs_2299"
"qa-stem-eco","qa_gs_2300"
"qa-stem-eco","qa_gs_2301"
"qa-stem-eco","qa_gs_2302"
"qa-stem-eco","qa_gs_2303"
"qa-stem-eco","qa_gs_2304"
"qa-stem-eco","qa_gs_2305"
"qa-stem-eco","qa_gs_2306"
"qa-stem-eco","qa_gs_2307"
"qa-stem-eco","qa_gs_2308"
"qa-stem-eco","qa_gs_2309"
"qa-stem-eco","qa_gs_2310"
"qa-stem-eco","qa_gs_2311"
"qa-stem-eco","qa_gs_2312"
"qa-stem-eco","qa_gs_2313"
"qa-stem-eco","qa_gs_2314"
"qa-stem-eco","qa_gs_2315"
"qa-stem-eco","qa_gs_2316"
"qa-stem-eco","qa_gs_2317"
"qa-stem-eco","qa_gs_2318"
"qa-stem-eco","qa_gs_2319"
"qa-stem-eco","qa_gs_2320"
"qa-stem-eco","qa_gs_2321"
"qa-stem-eco","qa_gs_2322"
"qa-stem-eco","qa_gs_2323"
"qa-stem-eco","qa_gs_2324"
"qa-stem-eco","qa_gs_2325"
"qa-stem-eco","qa_gs_2326"
"qa-stem-eco","qa_gs_2327"
"qa-stem-eco","qa_gs_2328"
"qa-stem-eco","qa_gs_2329"
"qa-stem-eco","qa_gs_2330"
"qa-stem-eco","qa_gs_2331"
"qa-stem-eco","qa_gs_2332"
"qa-stem-eco","qa_gs_2333"
"qa-stem-eco","qa_gs_2334"
"qa-stem-eco","qa_gs_2335"
"qa-stem-eco","qa_gs_2336"
"qa-stem-eco","qa_gs_2337"
"qa-stem-eco","qa_gs_2338"
"qa-stem-eco","qa_gs_2339"
"qa-stem-eco","qa_gs_2340"
"qa-stem-eco","qa_gs_2341"
"qa-stem-eco","qa_gs_2342"
"qa-stem-eco","qa_gs_2343"
"qa-stem-eco","qa_gs_2344"
"qa-stem-eco","qa_gs_2345"
"qa-stem-eco","qa_gs_2346"
"qa-stem-eco","qa_gs_2347"
"qa-stem-eco","qa_gs_2348"
"qa-stem-eco","qa_gs_2349"
"qa-stem-eco","qa_gs_2350"
"qa-stem-eco","qa_gs_2351"
"qa-stem-eco","qa_gs_2352"
"qa-stem-eco","qa_gs_2353"
"qa-stem-eco","qa_gs_2354"
"qa-stem-eco","qa_gs_2355"
"qa-stem-eco","qa_gs_2356"
"qa-stem-eco","qa_gs_2357"
"qa-stem-eco","qa_gs_2358"
"qa-stem-eco","qa_gs_2359"
"qa-stem-eco","qa_gs_2360"
"qa-stem-eco","qa_gs_2361"
"qa-stem-eco","qa_gs_2362"
"qa-stem-eco","qa_gs_2363"
"qa-stem-eco","qa_gs_2364"
"qa-stem-eco","qa_gs_2365"
"qa-stem-eco","qa_gs_2366"
"qa-stem-eco","qa_gs_2367"
"qa-stem-eco","qa_gs_2368"
"qa-stem-eco","qa_gs_2369"
"qa-stem-eco","qa_gs_2370"
"qa-stem-eco","qa_gs_2371"
"qa-stem-eco","qa_gs_2372"
"qa-stem-eco","qa_gs_2373"
"qa-stem-eco","qa_gs_2374"
"qa-stem-eco","qa_gs_2375"
"qa-stem-eco","qa_gs_2376"
"qa-stem-eco","qa_gs_2377"
"qa-stem-eco","qa_gs_2378"
"qa-stem-eco","qa_gs_2379"
"qa-stem-eco","qa_gs_2380"
"qa-stem-eco","qa_gs_2381"
"qa-stem-eco","qa_gs_2382"
"qa-stem-eco","qa_gs_2383"
"qa-stem-eco","qa_gs_2384"
"qa-stem-eco","qa_gs_2385"
"qa-stem-eco","qa_gs_2386"
"qa-stem-eco","qa_gs_2387"
"qa-stem-eco","qa_gs_2388"
"qa-stem-eco","qa_gs_2389"
"qa-stem-eco","qa_gs_2390"
"qa-stem-eco","qa_gs_2391"
"qa-stem-eco","qa_gs_2392"
"qa-stem-eco","qa_gs_2393"
"qa-stem-eco","qa_gs_2394"
"qa-stem-eco","qa_gs_2395"
"qa-stem-eco","qa_gs_2396"
"qa-stem-eco","qa_gs_2397"
"qa-stem-eco","qa_gs_2398"
"qa-stem-eco","qa_gs_2399"
"qa-stem-eco","qa_gs_2400"
"qa-stem-eco","qa_gs_2401"
"qa-stem-eco","qa_gs_2402"
"qa-stem-eco","qa_gs_2403"
"qa-stem-eco","qa_gs_2404"
"qa-stem-eco","qa_gs_2405"
"qa-stem-eco","qa_gs_2406"
"qa-stem-eco","qa_gs_2407"
"qa-stem-eco","qa_gs_2408"
"qa-stem-eco","qa_gs_2409"
"qa-stem-eco","qa_gs_2410"
"qa-stem-eco","qa_gs_2411"
"qa-stem-eco","qa_gs_2412"
"qa-stem-eco","qa_gs_2413"
"qa-stem-eco","qa_gs_2414"
"qa-stem-eco","qa_gs_2415"
"qa-stem-eco","qa_gs_2416"
"qa-stem-eco","qa_gs_2417"
"qa-stem-eco","qa_gs_2418"
"qa-stem-eco","qa_gs_2419"
"qa-stem-eco","qa_gs_2420"
"qa-stem-eco","qa_gs_2421"
"qa-stem-eco","qa_gs_2422"
"qa-stem-eco","qa_gs_2423"
"qa-stem-eco","qa_gs_2424"
"qa-stem-eco","qa_gs_2425"
"qa-stem-eco","qa_gs_2426"
"qa-stem-eco","qa_gs_2427"
"qa-stem-eco","qa_gs_2428"
"qa-stem-eco","qa_gs_2429"
"qa-stem-eco","qa_gs_2430"
"qa-stem-eco","qa_gs_2431"
"qa-stem-eco","qa_gs_2432"
"qa-stem-eco","qa_gs_2433"
"qa-stem-eco","qa_gs_2434"
"qa-stem-eco","qa_gs_2435"
"qa-stem-eco","qa_gs_2436"
"qa-stem-eco","qa_gs_2437"
"qa-stem-eco","qa_gs_2438"
"qa-stem-eco","qa_gs_2439"
"qa-stem-eco","qa_gs_2440"
"qa-stem-eco","qa_gs_2441"
"qa-stem-eco","qa_gs_2442"
"qa-stem-eco","qa_gs_2443"
"qa-stem-eco","qa_gs_2444"
"qa-stem-eco","qa_gs_2445"
"qa-stem-eco","qa_gs_2446"
"qa-stem-eco","qa_gs_2447"
"qa-stem-eco","qa_gs_2448"
"qa-stem-eco","qa_gs_2449"
"qa-stem-eco","qa_gs_2450"
"qa-stem-eco","qa_gs_2451"
"qa-stem-eco","qa_gs_2452"
"qa-stem-eco","qa_gs_2453"
"qa-stem-eco","qa_gs_2454"
"qa-stem-eco","qa_gs_2455"
"qa-stem-eco","qa_gs_2456"
"qa-stem-eco","qa_gs_2457"
"qa-stem-eco","qa_gs_2458"
"qa-stem-eco","qa_gs_2459"
"qa-stem-eco","qa_gs_2460"
"qa-stem-eco","qa_gs_2461"
"qa-stem-eco","qa_gs_2462"
"qa-stem-eco","qa_gs_2463"
"qa-stem-eco","qa_gs_2464"
"qa-stem-eco","qa_gs_2465"
"qa-stem-eco","qa_gs_2466"
"qa-stem-eco","qa_gs_2467"
"qa-stem-eco","qa_gs_2468"
"qa-stem-eco","qa_gs_2469"
"qa-stem-eco","qa_gs_2470"
"qa-stem-eco","qa_gs_2471"
"qa-stem-eco","qa_gs_2472"
"qa-stem-eco","qa_gs_2473"
"qa-stem-eco","qa_gs_2474"
"qa-stem-eco","qa_gs_2475"
"qa-stem-eco","qa_gs_2476"
"qa-stem-eco","qa_gs_2477"
"qa-stem-eco","qa_gs_2478"
"qa-stem-eco","qa_gs_2479"
"qa-stem-eco","qa_gs_2480"
"qa-stem-eco","qa_gs_2481"
"qa-stem-eco","qa_gs_2482"
"qa-stem-eco","qa_gs_2483"
"qa-stem-eco","qa_gs_2484"
"qa-stem-eco","qa_gs_2485"
"qa-stem-eco","qa_gs_2486"
"qa-stem-eco","qa_gs_2487"
"qa-stem-eco","qa_gs_2488"
"qa-stem-eco","qa_gs_2489"
"qa-stem-eco","qa_gs_2490"
"qa-stem-eco","qa_gs_2491"
"qa-stem-eco","qa_gs_2492"
"qa-stem-eco","qa_gs_2493"
"qa-stem-eco","qa_gs_2494"
"qa-stem-eco","qa_gs_2495"
"qa-stem-eco","qa_gs_2496"
"qa-stem-eco","qa_gs_2497"
"qa-stem-eco","qa_gs_2498"
"qa-stem-eco","qa_gs_2499"
"qa-stem-eco","qa_gs_2500"
"qa-stem-eco","qa_gs_2501"
"qa-stem-eco","qa_gs_2502"
"qa-stem-eco","qa_gs_2503"
"qa-stem-eco","qa_gs_2504"
"qa-stem-eco","qa_gs_2505"
"qa-stem-eco","qa_gs_2506"
"qa-stem-eco","qa_gs_2507"
"qa-stem-eco","qa_gs_2508"
"qa-stem-eco","qa_gs_2509"
"qa-stem-eco","qa_gs_2510"
"qa-stem-eco","qa_gs_2511"
"qa-stem-eco","qa_gs_2512"
"qa-stem-eco","qa_gs_2513"
"qa-stem-eco","qa_gs_2514"
"qa-stem-eco","qa_gs_2515"
"qa-stem-eco","qa_gs_2516"
"qa-stem-eco","qa_gs_2517"
"qa-stem-eco","qa_gs_2518"
"qa-stem-eco","qa_gs_2519"
"qa-stem-eco","qa_gs_2520"
"qa-stem-eco","qa_gs_2521"
"qa-stem-eco","qa_gs_2522"
"qa-stem-eco","qa_gs_2523"
"qa-stem-eco","qa_gs_2524"
"qa-stem-eco","qa_gs_2525"
"qa-stem-eco","qa_gs_2526"
"qa-stem-eco","qa_gs_2527"
"qa-stem-eco","qa_gs_2528"
"qa-stem-eco","qa_gs_2529"
"qa-stem-eco","qa_gs_2530"
"qa-stem-eco","qa_gs_2531"
"qa-stem-eco","qa_gs_2532"
"qa-stem-eco","qa_gs_2533"
"qa-stem-eco","qa_gs_2534"
"qa-stem-eco","qa_gs_2535"
"qa-stem-eco","qa_gs_2536"
"qa-stem-eco","qa_gs_2537"
"qa-stem-eco","qa_gs_2538"
"qa-stem-eco","qa_gs_2539"
"qa-stem-eco","qa_gs_2540"
"qa-stem-eco","qa_gs_2541"
"qa-stem-eco","qa_gs_2542"
"qa-stem-eco","qa_gs_2543"
"qa-stem-eco","qa_gs_2544"
"qa-stem-eco","qa_gs_2545"
"qa-stem-eco","qa_gs_2546"
"qa-stem-eco","qa_gs_2547"
"qa-stem-eco","qa_gs_2548"
"qa-stem-eco","qa_gs_2549"
"qa-stem-eco","qa_gs_2550"
"qa-stem-eco","qa_gs_2551"
"qa-stem-eco","qa_gs_2552"
"qa-stem-eco","qa_gs_2553"
"qa-stem-eco","qa_gs_2554"
"qa-stem-eco","qa_gs_2555"
"qa-stem-eco","qa_gs_2556"
"qa-stem-eco","qa_gs_2557"
"qa-stem-eco","qa_gs_2558"
"qa-stem-eco","qa_gs_2559"
"qa-stem-eco","qa_gs_2560"
"qa-stem-eco","qa_gs_2561"
"qa-stem-eco","qa_gs_2562"
"qa-stem-eco","qa_gs_2563"
"qa-stem-eco","qa_gs_2564"
"qa-stem-eco","qa_gs_2565"
"qa-stem-eco","qa_gs_2566"
"qa-stem-eco","qa_gs_2567"
"qa-stem-eco","qa_gs_2568"
"qa-stem-eco","qa_gs_2569"
"qa-stem-eco","qa_gs_2570"
"qa-stem-eco","qa_gs_2571"
"qa-stem-eco","qa_gs_2572"
"qa-stem-eco","qa_gs_2573"
"qa-stem-eco","qa_gs_2574"
"qa-stem-eco","qa_gs_2575"
"qa-stem-eco","qa_gs_2576"
"qa-stem-eco","qa_gs_2577"
"qa-stem-eco","qa_gs_2578"
"qa-stem-eco","qa_gs_2579"
"qa-stem-eco","qa_gs_2580"
"qa-stem-eco","qa_gs_2581"
"qa-stem-eco","qa_gs_2582"
"qa-stem-eco","qa_gs_2583"
"qa-stem-eco","qa_gs_2584"
"qa-stem-eco","qa_gs_2585"
"qa-stem-eco","qa_gs_2586"
"qa-stem-eco","qa_gs_2587"
"qa-stem-eco","qa_gs_2588"
"qa-stem-eco","qa_gs_2589"
"qa-stem-eco","qa_gs_2590"
"qa-stem-eco","qa_gs_2591"
"qa-stem-eco","qa_gs_2592"
"qa-stem-eco","qa_gs_2593"
"qa-stem-eco","qa_gs_2594"
"qa-stem-eco","qa_gs_2595"
"qa-stem-eco","qa_gs_2596"
"qa-stem-eco","qa_gs_2597"
"qa-stem-eco","qa_gs_2598"
"qa-stem-eco","qa_gs_2599"
"qa-stem-eco","qa_gs_2600"
"qa-stem-eco","qa_gs_2601"
"qa-stem-eco","qa_gs_2602"
"qa-stem-eco","qa_gs_2603"
"qa-stem-eco","qa_gs_2604"
"qa-stem-eco","qa_gs_2605"
"qa-stem-eco","qa_gs_2606"
"qa-stem-eco","qa_gs_2607"
"qa-stem-eco","qa_gs_2608"
"qa-stem-eco","qa_gs_2609"
"qa-stem-eco","qa_gs_2610"
"qa-stem-eco","qa_gs_2611"
"qa-stem-eco","qa_gs_2612"
"qa-stem-eco","qa_gs_2613"
"qa-stem-eco","qa_gs_2614"
"qa-stem-eco","qa_gs_2615"
"qa-stem-eco","qa_gs_2616"
"qa-stem-eco","qa_gs_2617"
"qa-stem-eco","qa_gs_2618"
"qa-stem-eco","qa_gs_2619"
"qa-stem-eco","qa_gs_2620"
"qa-stem-eco","qa_gs_2621"
"qa-stem-eco","qa_gs_2622"
"qa-stem-eco","qa_gs_2623"
"qa-stem-eco","qa_gs_2624"
"qa-stem-eco","qa_gs_2625"
"qa-stem-eco","qa_gs_2626"
"qa-stem-eco","qa_gs_2627"
"qa-stem-eco","qa_gs_2628"
"qa-stem-eco","qa_gs_2629"
"qa-stem-eco","qa_gs_2630"
"qa-stem-eco","qa_gs_2631"
"qa-stem-eco","qa_gs_2632"
"qa-stem-eco","qa_gs_2633"
"qa-stem-eco","qa_gs_2634"
"qa-stem-eco","qa_gs_2635"
"qa-stem-eco","qa_gs_2636"
"qa-stem-eco","qa_gs_2637"
"qa-stem-eco","qa_gs_2638"
"qa-stem-eco","qa_gs_2639"
"qa-stem-eco","qa_gs_2640"
"qa-stem-eco","qa_gs_2641"
"qa-stem-eco","qa_gs_2642"
"qa-stem-eco","qa_gs_2643"
"qa-stem-eco","qa_gs_2644"
"qa-stem-eco","qa_gs_2645"
"qa-stem-eco","qa_gs_2646"
"qa-stem-eco","qa_gs_2647"
"qa-stem-eco","qa_gs_2648"
"qa-stem-eco","qa_gs_2649"
"qa-stem-eco","qa_gs_2650"
"qa-stem-eco","qa_gs_2651"
"qa-stem-eco","qa_gs_2652"
"qa-stem-eco","qa_gs_2653"
"qa-stem-eco","qa_gs_2654"
"qa-stem-eco","qa_gs_2655"
"qa-stem-eco","qa_gs_2656"
"qa-stem-eco","qa_gs_2657"
"qa-stem-eco","qa_gs_2658"
"qa-stem-eco","qa_gs_2659"
"qa-stem-eco","qa_gs_2660"
"qa-stem-eco","qa_gs_2661"
"qa-stem-eco","qa_gs_2662"
"qa-stem-eco","qa_gs_2663"
"qa-stem-eco","qa_gs_2664"
"qa-stem-eco","qa_gs_2665"
"qa-stem-eco","qa_gs_2666"
"qa-stem-eco","qa_gs_2667"
"qa-stem-eco","qa_gs_2668"
"qa-stem-eco","qa_gs_2669"
"qa-stem-eco","qa_gs_2670"
"qa-stem-eco","qa_gs_2671"
"qa-stem-eco","qa_gs_2672"
"qa-stem-eco","qa_gs_2673"
"qa-stem-eco","qa_gs_2674"
"qa-stem-eco","qa_gs_2675"
"qa-stem-eco","qa_gs_2676"
"qa-stem-eco","qa_gs_2677"
"qa-stem-eco","qa_gs_2678"
"qa-stem-eco","qa_gs_2679"
"qa-stem-eco","qa_gs_2680"
"qa-stem-eco","qa_gs_2681"
"qa-stem-eco","qa_gs_2682"
"qa-stem-eco","qa_gs_2683"
"qa-stem-eco","qa_gs_2684"
"qa-stem-eco","qa_gs_2685"
"qa-stem-eco","qa_gs_2686"
"qa-stem-eco","qa_gs_2687"
"qa-stem-eco","qa_gs_2688"
"qa-stem-eco","qa_gs_2689"
"qa-stem-eco","qa_gs_2690"
"qa-stem-eco","qa_gs_2691"
"qa-stem-eco","qa_gs_2692"
"qa-stem-eco","qa_gs_2693"
"qa-stem-eco","qa_gs_2694"
"qa-stem-eco","qa_gs_2695"
"qa-stem-eco","qa_gs_2696"
"qa-stem-eco","qa_gs_2697"
"qa-stem-eco","qa_gs_2698"
"qa-stem-eco","qa_gs_2699"
"qa-stem-eco","qa_gs_2700"
"qa-stem-eco","qa_gs_2701"
"qa-stem-eco","qa_gs_2702"
"qa-stem-eco","qa_gs_2703"
"qa-stem-eco","qa_gs_2704"
"qa-stem-eco","qa_gs_2705"
"qa-stem-eco","qa_gs_2706"
"qa-stem-eco","qa_gs_2707"
"qa-stem-eco","qa_gs_2708"
"qa-stem-eco","qa_gs_2709"
"qa-stem-eco","qa_gs_2710"
"qa-stem-eco","qa_gs_2711"
"qa-stem-eco","qa_gs_2712"
"qa-stem-eco","qa_gs_2713"
"qa-stem-eco","qa_gs_2714"
"qa-stem-eco","qa_gs_2715"
"qa-stem-eco","qa_gs_2716"
"qa-stem-eco","qa_gs_2717"
"qa-stem-eco","qa_gs_2718"
"qa-stem-eco","qa_gs_2719"
"qa-stem-eco","qa_gs_2720"
"qa-stem-eco","qa_gs_2721"
"qa-stem-eco","qa_gs_2722"
"qa-stem-eco","qa_gs_2723"
"qa-stem-eco","qa_gs_2724"
"qa-stem-eco","qa_gs_2725"
"qa-stem-eco","qa_gs_2726"
"qa-stem-eco","qa_gs_2727"
"qa-stem-eco","qa_gs_2728"
"qa-stem-eco","qa_gs_2729"
"qa-stem-eco","qa_gs_2730"
"qa-stem-eco","qa_gs_2731"
"qa-stem-eco","qa_gs_2732"
"qa-stem-eco","qa_gs_2733"
"qa-stem-eco","qa_gs_2734"
"qa-stem-eco","qa_gs_2735"
"qa-stem-eco","qa_gs_2736"
"qa-stem-eco","qa_gs_2737"
"qa-stem-eco","qa_gs_2738"
"qa-stem-eco","qa_gs_2739"
"qa-stem-eco","qa_gs_2740"
"qa-stem-eco","qa_gs_2741"
"qa-stem-eco","qa_gs_2742"
"qa-stem-eco","qa_gs_2743"
"qa-stem-eco","qa_gs_2744"
"qa-stem-eco","qa_gs_2745"
"qa-stem-eco","qa_gs_2746"
"qa-stem-eco","qa_gs_2747"
"qa-stem-eco","qa_gs_2748"
"qa-stem-eco","qa_gs_2749"
"qa-stem-eco","qa_gs_2750"
"qa-stem-eco","qa_gs_2751"
"qa-stem-eco","qa_gs_2752"
"qa-stem-eco","qa_gs_2753"
"qa-stem-eco","qa_gs_2754"
"qa-stem-eco","qa_gs_2755"
"qa-stem-eco","qa_gs_2756"
"qa-stem-eco","qa_gs_2757"
"qa-stem-eco","qa_gs_2758"
"qa-stem-eco","qa_gs_2759"
"qa-stem-eco","qa_gs_2760"
"qa-stem-eco","qa_gs_2761"
"qa-stem-eco","qa_gs_2762"
"qa-stem-eco","qa_gs_2763"
"qa-stem-eco","qa_gs_2764"
"qa-stem-eco","qa_gs_2765"
"qa-stem-eco","qa_gs_2766"
"qa-stem-eco","qa_gs_2767"
"qa-stem-eco","qa_gs_2768"
"qa-stem-eco","qa_gs_2769"
"qa-stem-eco","qa_gs_2770"
"qa-stem-eco","qa_gs_2771"
"qa-stem-eco","qa_gs_2772"
"qa-stem-eco","qa_gs_2773"
"qa-stem-eco","qa_gs_2774"
"qa-stem-eco","qa_gs_2775"
"qa-stem-eco","qa_gs_2776"
"qa-stem-eco","qa_gs_2777"
"qa-stem-eco","qa_gs_2778"
"qa-stem-eco","qa_gs_2779"
"qa-stem-eco","qa_gs_2780"
"qa-stem-eco","qa_gs_2781"
"qa-stem-eco","qa_gs_2782"
"qa-stem-eco","qa_gs_2783"
"qa-stem-eco","qa_gs_2784"
"qa-stem-eco","qa_gs_2785"
"qa-stem-eco","qa_gs_2786"
"qa-stem-eco","qa_gs_2787"
"qa-stem-eco","qa_gs_2788"
"qa-stem-eco","qa_gs_2789"
"qa-stem-eco","qa_gs_2790"
"qa-stem-eco","qa_gs_2791"
"qa-stem-eco","qa_gs_2792"
"qa-stem-eco","qa_gs_2793"
"qa-stem-eco","qa_gs_2794"
"qa-stem-eco","qa_gs_2795"
"qa-stem-eco","qa_gs_2796"
"qa-stem-eco","qa_gs_2797"
"qa-stem-eco","qa_gs_2798"
"qa-stem-eco","qa_gs_2799"
"qa-stem-eco","qa_gs_2800"
"qa-stem-eco","qa_gs_2801"
"qa-stem-eco","qa_gs_2802"
"qa-stem-eco","qa_gs_2803"
"qa-stem-eco","qa_gs_2804"
"qa-stem-eco","qa_gs_2805"
"qa-stem-eco","qa_gs_2806"
"qa-stem-eco","qa_gs_2807"
"qa-stem-eco","qa_gs_2808"
"qa-stem-eco","qa_gs_2809"
"qa-stem-eco","qa_gs_2810"
"qa-stem-eco","qa_gs_2811"
"qa-stem-eco","qa_gs_2812"
"qa-stem-eco","qa_gs_2813"
"qa-stem-eco","qa_gs_2814"
"qa-stem-eco","qa_gs_2815"
"qa-stem-eco","qa_gs_2816"
"qa-stem-eco","qa_gs_2817"
"qa-stem-eco","qa_gs_2818"
"qa-stem-eco","qa_gs_2819"
"qa-stem-eco","qa_gs_2820"
"qa-stem-eco","qa_gs_2821"
"qa-stem-eco","qa_gs_2822"
"qa-stem-eco","qa_gs_2823"
"qa-stem-eco","qa_gs_2824"
"qa-stem-eco","qa_gs_2825"
"qa-stem-eco","qa_gs_2826"
"qa-stem-eco","qa_gs_2827"
"qa-stem-eco","qa_gs_2828"
"qa-stem-eco","qa_gs_2829"
"qa-stem-eco","qa_gs_2830"
"qa-stem-eco","qa_gs_2831"
"qa-stem-eco","qa_gs_2832"
"qa-stem-eco","qa_gs_2833"
"qa-stem-eco","qa_gs_2834"
"qa-stem-eco","qa_gs_2835"
"qa-stem-eco","qa_gs_2836"
"qa-stem-eco","qa_gs_2837"
"qa-stem-eco","qa_gs_2838"
"qa-stem-eco","qa_gs_2839"
"qa-stem-eco","qa_gs_2840"
"qa-stem-eco","qa_gs_2841"
"qa-stem-eco","qa_gs_2842"
"qa-stem-eco","qa_gs_2843"
"qa-stem-eco","qa_gs_2844"
"qa-stem-eco","qa_gs_2845"
"qa-stem-eco","qa_gs_2846"
"qa-stem-eco","qa_gs_2847"
"qa-stem-eco","qa_gs_2848"
"qa-stem-eco","qa_gs_2849"
"qa-stem-eco","qa_gs_2850"
"qa-stem-eco","qa_gs_2851"
"qa-stem-eco","qa_gs_2852"
"qa-stem-eco","qa_gs_2853"
"qa-stem-eco","qa_gs_2854"
"qa-stem-eco","qa_gs_2855"
"qa-stem-eco","qa_gs_2856"
"qa-stem-eco","qa_gs_2857"
"qa-stem-eco","qa_gs_2858"
"qa-stem-eco","qa_gs_2859"
"qa-stem-eco","qa_gs_2860"
"qa-stem-eco","qa_gs_2861"
"qa-stem-eco","qa_gs_2862"
"qa-stem-eco","qa_gs_2863"
"qa-stem-eco","qa_gs_2864"
"qa-stem-eco","qa_gs_2865"
"qa-stem-eco","qa_gs_2866"
"qa-stem-eco","qa_gs_2867"
"qa-stem-eco","qa_gs_2868"
"qa-stem-eco","qa_gs_2869"
"qa-stem-eco","qa_gs_2870"
"qa-stem-eco","qa_gs_2871"
"qa-stem-eco","qa_gs_2872"
"qa-stem-eco","qa_gs_2873"
"qa-stem-eco","qa_gs_2874"
"qa-stem-eco","qa_gs_2875"
"qa-stem-eco","qa_gs_2876"
"qa-stem-eco","qa_gs_2877"
"qa-stem-eco","qa_gs_2878"
"qa-stem-eco","qa_gs_2879"
"qa-stem-eco","qa_gs_2880"
"qa-stem-eco","qa_gs_2881"
"qa-stem-eco","qa_gs_2882"
"qa-stem-eco","qa_gs_2883"
"qa-stem-eco","qa_gs_2884"
"qa-stem-eco","qa_gs_2885"
"qa-stem-eco","qa_gs_2886"
"qa-stem-eco","qa_gs_2887"
"qa-stem-eco","qa_gs_2888"
"qa-stem-eco","qa_gs_2889"
"qa-stem-eco","qa_gs_2890"
"qa-stem-eco","qa_gs_2891"
"qa-stem-eco","qa_gs_2892"
"qa-stem-eco","qa_gs_2893"
"qa-stem-eco","qa_gs_2894"
"qa-stem-eco","qa_gs_2895"
"qa-stem-eco","qa_gs_2896"
"qa-stem-eco","qa_gs_2897"
"qa-stem-eco","qa_gs_2898"
"qa-stem-eco","qa_gs_2899"
"qa-stem-eco","qa_gs_2900"
"qa-stem-eco","qa_gs_2901"
"qa-stem-eco","qa_gs_2902"
"qa-stem-eco","qa_gs_2903"
"qa-stem-eco","qa_gs_2904"
"qa-stem-eco","qa_gs_2905"
"qa-stem-eco","qa_gs_2906"
"qa-stem-eco","qa_gs_2907"
"qa-stem-eco","qa_gs_2908"
"qa-stem-eco","qa_gs_2909"
"qa-stem-eco","qa_gs_2910"
"qa-stem-eco","qa_gs_2911"
"qa-stem-eco","qa_gs_2912"
"qa-stem-eco","qa_gs_2913"
"qa-stem-eco","qa_gs_2914"
"qa-stem-eco","qa_gs_2915"
"qa-stem-eco","qa_gs_2916"
"qa-stem-eco","qa_gs_2917"
"qa-stem-eco","qa_gs_2918"
"qa-stem-eco","qa_gs_2919"
"qa-stem-eco","qa_gs_2920"
"qa-stem-eco","qa_gs_2921"
"qa-stem-eco","qa_gs_2922"
"qa-stem-eco","qa_gs_2923"
"qa-stem-eco","qa_gs_2924"
"qa-stem-eco","qa_gs_2925"
"qa-stem-eco","qa_gs_2926"
"qa-stem-eco","qa_gs_2927"
"qa-stem-eco","qa_gs_2928"
"qa-stem-eco","qa_gs_2929"
"qa-stem-eco","qa_gs_2930"
"qa-stem-eco","qa_gs_2931"
"qa-stem-eco","qa_gs_2932"
"qa-stem-eco","qa_gs_2933"
"qa-stem-eco","qa_gs_2934"
"qa-stem-eco","qa_gs_2935"
"qa-stem-eco","qa_gs_2936"
"qa-stem-eco","qa_gs_2937"
"qa-stem-eco","qa_gs_2938"
"qa-stem-eco","qa_gs_2939"
"qa-stem-eco","qa_gs_2940"
"qa-stem-eco","qa_gs_2941"
"qa-stem-eco","qa_gs_2942"
"qa-stem-eco","qa_gs_2943"
"qa-stem-eco","qa_gs_2944"
"qa-stem-eco","qa_gs_2945"
"qa-stem-eco","qa_gs_2946"
"qa-stem-eco","qa_gs_2947"
"qa-stem-eco","qa_gs_2948"
"qa-stem-eco","qa_gs_2949"
"qa-stem-eco","qa_gs_2950"
"qa-stem-eco","qa_gs_2951"
"qa-stem-eco","qa_gs_2952"
"qa-stem-eco","qa_gs_2953"
"qa-stem-eco","qa_gs_2954"
"qa-stem-eco","qa_gs_2955"
"qa-stem-eco","qa_gs_2956"
"qa-stem-eco","qa_gs_2957"
"qa-stem-eco","qa_gs_2958"
"qa-stem-eco","qa_gs_2959"
"qa-stem-eco","qa_gs_2960"
"qa-stem-eco","qa_gs_2961"
"qa-stem-eco","qa_gs_2962"
"qa-stem-eco","qa_gs_2963"
"qa-stem-eco","qa_gs_2964"
"qa-stem-eco","qa_gs_2965"
"qa-stem-eco","qa_gs_2966"
"qa-stem-eco","qa_gs_2967"
"qa-stem-eco","qa_gs_2968"
"qa-stem-eco","qa_gs_2969"
"qa-stem-eco","qa_gs_2970"
"qa-stem-eco","qa_gs_2971"
"qa-stem-eco","qa_gs_2972"
"qa-stem-eco","qa_gs_2973"
"qa-stem-eco","qa_gs_2974"
"qa-stem-eco","qa_gs_2975"
"qa-stem-eco","qa_gs_2976"
"qa-stem-eco","qa_gs_2977"
"qa-stem-eco","qa_gs_2978"
"qa-stem-eco","qa_gs_2979"
"qa-stem-eco","qa_gs_2980"
"qa-stem-eco","qa_gs_2981"
"qa-stem-eco","qa_gs_2982"
"qa-stem-eco","qa_gs_2983"
"qa-stem-eco","qa_gs_2984"
"qa-stem-eco","qa_gs_2985"
"qa-stem-eco","qa_gs_2986"
"qa-stem-eco","qa_gs_2987"
"qa-stem-eco","qa_gs_2988"
"qa-stem-eco","qa_gs_2989"
"qa-stem-eco","qa_gs_2990"
"qa-stem-eco","qa_gs_2991"
"qa-stem-eco","qa_gs_2992"
"qa-stem-eco","qa_gs_2993"
"qa-stem-eco","qa_gs_2994"
"qa-stem-eco","qa_gs_2995"
"qa-stem-eco","qa_gs_2996"
"qa-stem-eco","qa_gs_2997"
"qa-stem-eco","qa_gs_2998"
"qa-stem-eco","qa_gs_2999"