"qa_doom_0000000",2
"qa_doom_0000001",2
"qa_doom_0000002",2
"qa_doom_0000003",2
"qa_doom_0000004",2
"qa_doom_0000005",2
"qa_doom_0000006",2
"qa_doom_0000007",2
"qa_doom_0000008",2
"qa_doom_0000009",2
"qa_doom_0000010",2
"qa_doom_0000011",2
"qa_doom_0000012",2
"qa_doom_0000013",2
"qa_doom_0000014",2
"qa_doom_0000015",2
"qa_doom_0000016",2
"qa_doom_0000017",2
"qa_doom_0000018",2
"qa_doom_0000019",2
"qa_doom_0000020",2
"qa_doom_0000021",2
"qa_doom_0000022",2
"qa_doom_0000023",2
"qa_doom_0000024",2
"qa_doom_0000025",2
"qa_doom_0000026",2
"qa_doom_0000027",2
"qa_doom_0000028",2
"qa_doom_0000029",2
"qa_doom_0000030",2
"qa_doom_0000031",2
"qa_doom_0000032",2
"qa_doom_0000033",2
"qa_doom_0000034",2
"qa_doom_0000035",2
"qa_doom_0000036",2
"qa_doom_0000037",2
"qa_doom_0000038",2
"qa_doom_0000039",2
"qa_doom_0000040",2
"qa_doom_0000041",2
"qa_doom_0000042",2
"qa_doom_0000043",2
"qa_doom_0000044",2
"qa_doom_0000045",2
"qa_doom_0000046",2
"qa_doom_0000047",2
"qa_doom_0000048",2
"qa_doom_0000049",2
"qa_doom_0000050",2
"qa_doom_0000051",2
"qa_doom_0000052",2
"qa_doom_0000053",2
"qa_doom_0000054",2
"qa_doom_0000055",2
"qa_doom_0000056",2
"qa_doom_0000057",2
"qa_doom_0000058",2
"qa_doom_0000059",2
"qa_doom_0000060",2
"qa_doom_0000061",2
"qa_doom_0000062",2
"qa_doom_0000063",2
"qa_doom_0000064",2
"qa_doom_0000065",2
"qa_doom_0000066",2
"qa_doom_0000067",2
"qa_doom_0000068",2
"qa_doom_0000069",2
"qa_doom_0000070",2
"qa_doom_0000071",2
"qa_doom_0000072",2
"qa_doom_0000073",2
"qa_doom_0000074",2
"qa_doom_0000075",2
"qa_doom_0000076",2
"qa_doom_0000077",2
"qa_doom_0000078",2
"qa_doom_0000079",2
"qa_doom_0000080",2
"qa_doom_0000081",2
"qa_doom_0000082",2
"qa_doom_0000083",2
"qa_doom_0000084",2
"qa_doom_0000085",2
"qa_doom_0000086",2
"qa_doom_0000087",2
"qa_doom_0000088",2
"qa_doom_0000089",2
"qa_doom_0000090",2
"qa_doom_0000091",2
"qa_doom_0000092",2
"qa_doom_0000093",2
"qa_doom_0000094",2
"qa_doom_0000095",2
"qa_doom_0000096",2
"qa_doom_0000097",2
"qa_doom_0000098",2
"qa_doom_0000099",2
"qa_doom_0000100",3
"qa_doom_0000101",3
"qa_doom_0000102",3
"qa_doom_0000103",3
"qa_doom_0000104",3
"qa_doom_0000105",3
"qa_doom_0000106",3
"qa_doom_0000107",3
"qa_doom_0000108",3
"qa_doom_0000109",3
"qa_doom_0000110",3
"qa_doom_0000111",3
"qa_doom_0000112",3
"qa_doom_0000113",3
"qa_doom_0000114",3
"qa_doom_0000115",3
"qa_doom_0000116",3
"qa_doom_0000117",3
"qa_doom_0000118",3
"qa_doom_0000119",3
"qa_doom_0000120",3
"qa_doom_0000121",3
"qa_doom_0000122",3
"qa_doom_0000123",3
"qa_doom_0000124",3
"qa_doom_0000125",3
"qa_doom_0000126",3
"qa_doom_0000127",3
"qa_doom_0000128",3
"qa_doom_0000129",3
"qa_doom_0000130",3
"qa_doom_0000131",3
"qa_doom_0000132",3
"qa_doom_0000133",3
"qa_doom_0000134",3
"qa_doom_0000135",3
"qa_doom_0000136",3
"qa_doom_0000137",3
"qa_doom_0000138",3
"qa_doom_0000139",3
"qa_doom_0000140",3
"qa_doom_0000141",3
"qa_doom_0000142",3
"qa_doom_0000143",3
"qa_doom_0000144",3
"qa_doom_0000145",3
"qa_doom_0000146",3
"qa_doom_0000147",3
"qa_doom_0000148",3
"qa_doom_0000149",3
"qa_doom_0000150",3
"qa_doom_0000151",3
"qa_doom_0000152",3
"qa_doom_0000153",3
"qa_doom_0000154",3
"qa_doom_0000155",3
"qa_doom_0000156",3
"qa_doom_0000157",3
"qa_doom_0000158",3
"qa_doom_0000159",3
"qa_doom_0000160",3
"qa_doom_0000161",3
"qa_doom_0000162",3
"qa_doom_0000163",3
"qa_doom_0000164",3
"qa_doom_0000165",3
"qa_doom_0000166",3
"qa_doom_0000167",3
"qa_doom_0000168",3
"qa_doom_0000169",3
"qa_doom_0000170",3
"qa_doom_0000171",3
"qa_doom_0000172",3
"qa_doom_0000173",3
"qa_doom_0000174",3
"qa_doom_0000175",3
"qa_doom_0000176",3
"qa_doom_0000177",3
"qa_doom_0000178",3
"qa_doom_0000179",3
"qa_doom_0000180",3
"qa_doom_0000181",3
"qa_doom_0000182",3
"qa_doom_0000183",3
"qa_doom_0000184",3
"qa_doom_0000185",3
"qa_doom_0000186",3
"qa_doom_0000187",3
"qa_doom_0000188",3
"qa_doom_0000189",3
"qa_doom_0000190",3
"qa_doom_0000191",3
"qa_doom_0000192",3
"qa_doom_0000193",3
"qa_doom_0000194",3
"qa_doom_0000195",3
"qa_doom_0000196",3
"qa_doom_0000197",3
"qa_doom_0000198",3
"qa_doom_0000199",3
"qa_doom_0000200",4
"qa_doom_0000201",4
"qa_doom_0000202",4
"qa_doom_0000203",4
"qa_doom_0000204",4
"qa_doom_0000205",4
"qa_doom_0000206",4
"qa_doom_0000207",4
"qa_doom_0000208",4
"qa_doom_0000209",4
"qa_doom_0000210",4
"qa_doom_0000211",4
"qa_doom_0000212",4
"qa_doom_0000213",4
"qa_doom_0000214",4
"qa_doom_0000215",4
"qa_doom_0000216",4
"qa_doom_0000217",4
"qa_doom_0000218",4
"qa_doom_0000219",4
"qa_doom_0000220",4
"qa_doom_0000221",4
"qa_doom_0000222",4
"qa_doom_0000223",4
"qa_doom_0000224",4
"qa_doom_0000225",4
"qa_doom_0000226",4
"qa_doom_0000227",4
"qa_doom_0000228",4
"qa_doom_0000229",4
"qa_doom_0000230",4
"qa_doom_0000231",4
"qa_doom_0000232",4
"qa_doom_0000233",4
"qa_doom_0000234",4
"qa_doom_0000235",4
"qa_doom_0000236",4
"qa_doom_0000237",4
"qa_doom_0000238",4
"qa_doom_0000239",4
"qa_doom_0000240",4
"qa_doom_0000241",4
"qa_doom_0000242",4
"qa_doom_0000243",4
"qa_doom_0000244",4
"qa_doom_0000245",4
"qa_doom_0000246",4
"qa_doom_0000247",4
"qa_doom_0000248",4
"qa_doom_0000249",4
"qa_doom_0000250",4
"qa_doom_0000251",4
"qa_doom_0000252",4
"qa_doom_0000253",4
"qa_doom_0000254",4
"qa_doom_0000255",4
"qa_doom_0000256",4
"qa_doom_0000257",4
"qa_doom_0000258",4
"qa_doom_0000259",4
"qa_doom_0000260",4
"qa_doom_0000261",4
"qa_doom_0000262",4
"qa_doom_0000263",4
"qa_doom_0000264",4
"qa_doom_0000265",4
"qa_doom_0000266",4
"qa_doom_0000267",4
"qa_doom_0000268",4
"qa_doom_0000269",4
"qa_doom_0000270",4
"qa_doom_0000271",4
"qa_doom_0000272",4
"qa_doom_0000273",4
"qa_doom_0000274",4
"qa_doom_0000275",4
"qa_doom_0000276",4
"qa_doom_0000277",4
"qa_doom_0000278",4
"qa_doom_0000279",4
"qa_doom_0000280",4
"qa_doom_0000281",4
"qa_doom_0000282",4
"qa_doom_0000283",4
"qa_doom_0000284",4
"qa_doom_0000285",4
"qa_doom_0000286",4
"qa_doom_0000287",4
"qa_doom_0000288",4
"qa_doom_0000289",4
"qa_doom_0000290",4
"qa_doom_0000291",4
"qa_doom_0000292",4
"qa_doom_0000293",4
"qa_doom_0000294",4
"qa_doom_0000295",4
"qa_doom_0000296",4
"qa_doom_0000297",4
"qa_doom_0000298",4
"qa_doom_0000299",4
"qa_doom_0000300",5
"qa_doom_0000301",5
"qa_doom_0000302",5
"qa_doom_0000303",5
"qa_doom_0000304",5
"qa_doom_0000305",5
"qa_doom_0000306",5
"qa_doom_0000307",5
"qa_doom_0000308",5
"qa_doom_0000309",5
"qa_doom_0000310",5
"qa_doom_0000311",5
"qa_doom_0000312",5
"qa_doom_0000313",5
"qa_doom_0000314",5
"qa_doom_0000315",5
"qa_doom_0000316",5
"qa_doom_0000317",5
"qa_doom_0000318",5
"qa_doom_0000319",5
"qa_doom_0000320",5
"qa_doom_0000321",5
"qa_doom_0000322",5
"qa_doom_0000323",5
"qa_doom_0000324",5
"qa_doom_0000325",5
"qa_doom_0000326",5
"qa_doom_0000327",5
"qa_doom_0000328",5
"qa_doom_0000329",5
"qa_doom_0000330",5
"qa_doom_0000331",5
"qa_doom_0000332",5
"qa_doom_0000333",5
"qa_doom_0000334",5
"qa_doom_0000335",5
"qa_doom_0000336",5
"qa_doom_0000337",5
"qa_doom_0000338",5
"qa_doom_0000339",5
"qa_doom_0000340",5
"qa_doom_0000341",5
"qa_doom_0000342",5
"qa_doom_0000343",5
"qa_doom_0000344",5
"qa_doom_0000345",5
"qa_doom_0000346",5
"qa_doom_0000347",5
"qa_doom_0000348",5
"qa_doom_0000349",5
"qa_doom_0000350",5
"qa_doom_0000351",5
"qa_doom_0000352",5
"qa_doom_0000353",5
"qa_doom_0000354",5
"qa_doom_0000355",5
"qa_doom_0000356",5
"qa_doom_0000357",5
"qa_doom_0000358",5
"qa_doom_0000359",5
"qa_doom_0000360",5
"qa_doom_0000361",5
"qa_doom_0000362",5
"qa_doom_0000363",5
"qa_doom_0000364",5
"qa_doom_0000365",5
"qa_doom_0000366",5
"qa_doom_0000367",5
"qa_doom_0000368",5
"qa_doom_0000369",5
"qa_doom_0000370",5
"qa_doom_0000371",5
"qa_doom_0000372",5
"qa_doom_0000373",5
"qa_doom_0000374",5
"qa_doom_0000375",5
"qa_doom_0000376",5
"qa_doom_0000377",5
"qa_doom_0000378",5
"qa_doom_0000379",5
"qa_doom_0000380",5
"qa_doom_0000381",5
"qa_doom_0000382",5
"qa_doom_0000383",5
"qa_doom_0000384",5
"qa_doom_0000385",5
"qa_doom_0000386",5
"qa_doom_0000387",5
"qa_doom_0000388",5
"qa_doom_0000389",5
"qa_doom_0000390",5
"qa_doom_0000391",5
"qa_doom_0000392",5
"qa_doom_0000393",5
"qa_doom_0000394",5
"qa_doom_0000395",5
"qa_doom_0000396",5
"qa_doom_0000397",5
"qa_doom_0000398",5
"qa_doom_0000399",5
"qa_doom_0000400",6
"qa_doom_0000401",6
"qa_doom_0000402",6
"qa_doom_0000403",6
"qa_doom_0000404",6
"qa_doom_0000405",6
"qa_doom_0000406",6
"qa_doom_0000407",6
"qa_doom_0000408",6
"qa_doom_0000409",6
"qa_doom_0000410",6
"qa_doom_0000411",6
"qa_doom_0000412",6
"qa_doom_0000413",6
"qa_doom_0000414",6
"qa_doom_0000415",6
"qa_doom_0000416",6
"qa_doom_0000417",6
"qa_doom_0000418",6
"qa_doom_0000419",6
"qa_doom_0000420",6
"qa_doom_0000421",6
"qa_doom_0000422",6
"qa_doom_0000423",6
"qa_doom_0000424",6
"qa_doom_0000425",6
"qa_doom_0000426",6
"qa_doom_0000427",6
"qa_doom_0000428",6
"qa_doom_0000429",6
"qa_doom_0000430",6
"qa_doom_0000431",6
"qa_doom_0000432",6
"qa_doom_0000433",6
"qa_doom_0000434",6
"qa_doom_0000435",6
"qa_doom_0000436",6
"qa_doom_0000437",6
"qa_doom_0000438",6
"qa_doom_0000439",6
"qa_doom_0000440",6
"qa_doom_0000441",6
"qa_doom_0000442",6
"qa_doom_0000443",6
"qa_doom_0000444",6
"qa_doom_0000445",6
"qa_doom_0000446",6
"qa_doom_0000447",6
"qa_doom_0000448",6
"qa_doom_0000449",6
"qa_doom_0000450",6
"qa_doom_0000451",6
"qa_doom_0000452",6
"qa_doom_0000453",6
"qa_doom_0000454",6
"qa_doom_0000455",6
"qa_doom_0000456",6
"qa_doom_0000457",6
"qa_doom_0000458",6
"qa_doom_0000459",6
"qa_doom_0000460",6
"qa_doom_0000461",6
"qa_doom_0000462",6
"qa_doom_0000463",6
"qa_doom_0000464",6
"qa_doom_0000465",6
"qa_doom_0000466",6
"qa_doom_0000467",6
"qa_doom_0000468",6
"qa_doom_0000469",6
"qa_doom_0000470",6
"qa_doom_0000471",6
"qa_doom_0000472",6
"qa_doom_0000473",6
"qa_doom_0000474",6
"qa_doom_0000475",6
"qa_doom_0000476",6
"qa_doom_0000477",6
"qa_doom_0000478",6
"qa_doom_0000479",6
"qa_doom_0000480",6
"qa_doom_0000481",6
"qa_doom_0000482",6
"qa_doom_0000483",6
"qa_doom_0000484",6
"qa_doom_0000485",6
"qa_doom_0000486",6
"qa_doom_0000487",6
"qa_doom_0000488",6
"qa_doom_0000489",6
"qa_doom_0000490",6
"qa_doom_0000491",6
"qa_doom_0000492",6
"qa_doom_0000493",6
"qa_doom_0000494",6
"qa_doom_0000495",6
"qa_doom_0000496",6
"qa_doom_0000497",6
"qa_doom_0000498",6
"qa_doom_0000499",6
"qa_doom_0000500",7
"qa_doom_0000501",7
"qa_doom_0000502",7
"qa_doom_0000503",7
"qa_doom_0000504",7
"qa_doom_0000505",7
"qa_doom_0000506",7
"qa_doom_0000507",7
"qa_doom_0000508",7
"qa_doom_0000509",7
"qa_doom_0000510",7
"qa_doom_0000511",7
"qa_doom_0000512",7
"qa_doom_0000513",7
"qa_doom_0000514",7
"qa_doom_0000515",7
"qa_doom_0000516",7
"qa_doom_0000517",7
"qa_doom_0000518",7
"qa_doom_0000519",7
"qa_doom_0000520",7
"qa_doom_0000521",7
"qa_doom_0000522",7
"qa_doom_0000523",7
"qa_doom_0000524",7
"qa_doom_0000525",7
"qa_doom_0000526",7
"qa_doom_0000527",7
"qa_doom_0000528",7
"qa_doom_0000529",7
"qa_doom_0000530",7
"qa_doom_0000531",7
"qa_doom_0000532",7
"qa_doom_0000533",7
"qa_doom_0000534",7
"qa_doom_0000535",7
"qa_doom_0000536",7
"qa_doom_0000537",7
"qa_doom_0000538",7
"qa_doom_0000539",7
"qa_doom_0000540",7
"qa_doom_0000541",7
"qa_doom_0000542",7
"qa_doom_0000543",7
"qa_doom_0000544",7
"qa_doom_0000545",7
"qa_doom_0000546",7
"qa_doom_0000547",7
"qa_doom_0000548",7
"qa_doom_0000549",7
"qa_doom_0000550",7
"qa_doom_0000551",7
"qa_doom_0000552",7
"qa_doom_0000553",7
"qa_doom_0000554",7
"qa_doom_0000555",7
"qa_doom_0000556",7
"qa_doom_0000557",7
"qa_doom_0000558",7
"qa_doom_0000559",7
"qa_doom_0000560",7
"qa_doom_0000561",7
"qa_doom_0000562",7
"qa_doom_0000563",7
"qa_doom_0000564",7
"qa_doom_0000565",7
"qa_doom_0000566",7
"qa_doom_0000567",7
"qa_doom_0000568",7
"qa_doom_0000569",7
"qa_doom_0000570",7
"qa_doom_0000571",7
"qa_doom_0000572",7
"qa_doom_0000573",7
"qa_doom_0000574",7
"qa_doom_0000575",7
"qa_doom_0000576",7
"qa_doom_0000577",7
"qa_doom_0000578",7
"qa_doom_0000579",7
"qa_doom_0000580",7
"qa_doom_0000581",7
"qa_doom_0000582",7
"qa_doom_0000583",7
"qa_doom_0000584",7
"qa_doom_0000585",7
"qa_doom_0000586",7
"qa_doom_0000587",7
"qa_doom_0000588",7
"qa_doom_0000589",7
"qa_doom_0000590",7
"qa_doom_0000591",7
"qa_doom_0000592",7
"qa_doom_0000593",7
"qa_doom_0000594",7
"qa_doom_0000595",7
"qa_doom_0000596",7
"qa_doom_0000597",7
"qa_doom_0000598",7
"qa_doom_0000599",7
"qa_doom_0000600",8
"qa_doom_0000601",8
"qa_doom_0000602",8
"qa_doom_0000603",8
"qa_doom_0000604",8
"qa_doom_0000605",8
"qa_doom_0000606",8
"qa_doom_0000607",8
"qa_doom_0000608",8
"qa_doom_0000609",8
"qa_doom_0000610",8
"qa_doom_0000611",8
"qa_doom_0000612",8
"qa_doom_0000613",8
"qa_doom_0000614",8
"qa_doom_0000615",8
"qa_doom_0000616",8
"qa_doom_0000617",8
"qa_doom_0000618",8
"qa_doom_0000619",8
"qa_doom_0000620",8
"qa_doom_0000621",8
"qa_doom_0000622",8
"qa_doom_0000623",8
"qa_doom_0000624",8
"qa_doom_0000625",8
"qa_doom_0000626",8
"qa_doom_0000627",8
"qa_doom_0000628",8
"qa_doom_0000629",8
"qa_doom_0000630",8
"qa_doom_0000631",8
"qa_doom_0000632",8
"qa_doom_0000633",8
"qa_doom_0000634",8
"qa_doom_0000635",8
"qa_doom_0000636",8
"qa_doom_0000637",8
"qa_doom_0000638",8
"qa_doom_0000639",8
"qa_doom_0000640",8
"qa_doom_0000641",8
"qa_doom_0000642",8
"qa_doom_0000643",8
"qa_doom_0000644",8
"qa_doom_0000645",8
"qa_doom_0000646",8
"qa_doom_0000647",8
"qa_doom_0000648",8
"qa_doom_0000649",8
"qa_doom_0000650",8
"qa_doom_0000651",8
"qa_doom_0000652",8
"qa_doom_0000653",8
"qa_doom_0000654",8
"qa_doom_0000655",8
"qa_doom_0000656",8
"qa_doom_0000657",8
"qa_doom_0000658",8
"qa_doom_0000659",8
"qa_doom_0000660",8
"qa_doom_0000661",8
"qa_doom_0000662",8
"qa_doom_0000663",8
"qa_doom_0000664",8
"qa_doom_0000665",8
"qa_doom_0000666",8
"qa_doom_0000667",8
"qa_doom_0000668",8
"qa_doom_0000669",8
"qa_doom_0000670",8
"qa_doom_0000671",8
"qa_doom_0000672",8
"qa_doom_0000673",8
"qa_doom_0000674",8
"qa_doom_0000675",8
"qa_doom_0000676",8
"qa_doom_0000677",8
"qa_doom_0000678",8
"qa_doom_0000679",8
"qa_doom_0000680",8
"qa_doom_0000681",8
"qa_doom_0000682",8
"qa_doom_0000683",8
"qa_doom_0000684",8
"qa_doom_0000685",8
"qa_doom_0000686",8
"qa_doom_0000687",8
"qa_doom_0000688",8
"qa_doom_0000689",8
"qa_doom_0000690",8
"qa_doom_0000691",8
"qa_doom_0000692",8
"qa_doom_0000693",8
"qa_doom_0000694",8
"qa_doom_0000695",8
"qa_doom_0000696",8
"qa_doom_0000697",8
"qa_doom_0000698",8
"qa_doom_0000699",8
"qa_doom_0000700",9
"qa_doom_0000701",9
"qa_doom_0000702",9
"qa_doom_0000703",9
"qa_doom_0000704",9
"qa_doom_0000705",9
"qa_doom_0000706",9
"qa_doom_0000707",9
"qa_doom_0000708",9
"qa_doom_0000709",9
"qa_doom_0000710",9
"qa_doom_0000711",9
"qa_doom_0000712",9
"qa_doom_0000713",9
"qa_doom_0000714",9
"qa_doom_0000715",9
"qa_doom_0000716",9
"qa_doom_0000717",9
"qa_doom_0000718",9
"qa_doom_0000719",9
"qa_doom_0000720",9
"qa_doom_0000721",9
"qa_doom_0000722",9
"qa_doom_0000723",9
"qa_doom_0000724",9
"qa_doom_0000725",9
"qa_doom_0000726",9
"qa_doom_0000727",9
"qa_doom_0000728",9
"qa_doom_0000729",9
"qa_doom_0000730",9
"qa_doom_0000731",9
"qa_doom_0000732",9
"qa_doom_0000733",9
"qa_doom_0000734",9
"qa_doom_0000735",9
"qa_doom_0000736",9
"qa_doom_0000737",9
"qa_doom_0000738",9
"qa_doom_0000739",9
"qa_doom_0000740",9
"qa_doom_0000741",9
"qa_doom_0000742",9
"qa_doom_0000743",9
"qa_doom_0000744",9
"qa_doom_0000745",9
"qa_doom_0000746",9
"qa_doom_0000747",9
"qa_doom_0000748",9
"qa_doom_0000749",9
"qa_doom_0000750",9
"qa_doom_0000751",9
"qa_doom_0000752",9
"qa_doom_0000753",9
"qa_doom_0000754",9
"qa_doom_0000755",9
"qa_doom_0000756",9
"qa_doom_0000757",9
"qa_doom_0000758",9
"qa_doom_0000759",9
"qa_doom_0000760",9
"qa_doom_0000761",9
"qa_doom_0000762",9
"qa_doom_0000763",9
"qa_doom_0000764",9
"qa_doom_0000765",9
"qa_doom_0000766",9
"qa_doom_0000767",9
"qa_doom_0000768",9
"qa_doom_0000769",9
"qa_doom_0000770",9
"qa_doom_0000771",9
"qa_doom_0000772",9
"qa_doom_0000773",9
"qa_doom_0000774",9
"qa_doom_0000775",9
"qa_doom_0000776",9
"qa_doom_0000777",9
"qa_doom_0000778",9
"qa_doom_0000779",9
"qa_doom_0000780",9
"qa_doom_0000781",9
"qa_doom_0000782",9
"qa_doom_0000783",9
"qa_doom_0000784",9
"qa_doom_0000785",9
"qa_doom_0000786",9
"qa_doom_0000787",9
"qa_doom_0000788",9
"qa_doom_0000789",9
"qa_doom_0000790",9
"qa_doom_0000791",9
"qa_doom_0000792",9
"qa_doom_0000793",9
"qa_doom_0000794",9
"qa_doom_0000795",9
"qa_doom_0000796",9
"qa_doom_0000797",9
"qa_doom_0000798",9
"qa_doom_0000799",9
"qa_doom_0000800",10
"qa_doom_0000801",10
"qa_doom_0000802",10
"qa_doom_0000803",10
"qa_doom_0000804",10
"qa_doom_0000805",10
"qa_doom_0000806",10
"qa_doom_0000807",10
"qa_doom_0000808",10
"qa_doom_0000809",10
"qa_doom_0000810",10
"qa_doom_0000811",10
"qa_doom_0000812",10
"qa_doom_0000813",10
"qa_doom_0000814",10
"qa_doom_0000815",10
"qa_doom_0000816",10
"qa_doom_0000817",10
"qa_doom_0000818",10
"qa_doom_0000819",10
"qa_doom_0000820",10
"qa_doom_0000821",10
"qa_doom_0000822",10
"qa_doom_0000823",10
"qa_doom_0000824",10
"qa_doom_0000825",10
"qa_doom_0000826",10
"qa_doom_0000827",10
"qa_doom_0000828",10
"qa_doom_0000829",10
"qa_doom_0000830",10
"qa_doom_0000831",10
"qa_doom_0000832",10
"qa_doom_0000833",10
"qa_doom_0000834",10
"qa_doom_0000835",10
"qa_doom_0000836",10
"qa_doom_0000837",10
"qa_doom_0000838",10
"qa_doom_0000839",10
"qa_doom_0000840",10
"qa_doom_0000841",10
"qa_doom_0000842",10
"qa_doom_0000843",10
"qa_doom_0000844",10
"qa_doom_0000845",10
"qa_doom_0000846",10
"qa_doom_0000847",10
"qa_doom_0000848",10
"qa_doom_0000849",10
"qa_doom_0000850",10
"qa_doom_0000851",10
"qa_doom_0000852",10
"qa_doom_0000853",10
"qa_doom_0000854",10
"qa_doom_0000855",10
"qa_doom_0000856",10
"qa_doom_0000857",10
"qa_doom_0000858",10
"qa_doom_0000859",10
"qa_doom_0000860",10
"qa_doom_0000861",10
"qa_doom_0000862",10
"qa_doom_0000863",10
"qa_doom_0000864",10
"qa_doom_0000865",10
"qa_doom_0000866",10
"qa_doom_0000867",10
"qa_doom_0000868",10
"qa_doom_0000869",10
"qa_doom_0000870",10
"qa_doom_0000871",10
"qa_doom_0000872",10
"qa_doom_0000873",10
"qa_doom_0000874",10
"qa_doom_0000875",10
"qa_doom_0000876",10
"qa_doom_0000877",10
"qa_doom_0000878",10
"qa_doom_0000879",10
"qa_doom_0000880",10
"qa_doom_0000881",10
"qa_doom_0000882",10
"qa_doom_0000883",10
"qa_doom_0000884",10
"qa_doom_0000885",10
"qa_doom_0000886",10
"qa_doom_0000887",10
"qa_doom_0000888",10
"qa_doom_0000889",10
"qa_doom_0000890",10
"qa_doom_0000891",10
"qa_doom_0000892",10
"qa_doom_0000893",10
"qa_doom_0000894",10
"qa_doom_0000895",10
"qa_doom_0000896",10
"qa_doom_0000897",10
"qa_doom_0000898",10
"qa_doom_0000899",10
"qa_doom_0000900",11
"qa_doom_0000901",11
"qa_doom_0000902",11
"qa_doom_0000903",11
"qa_doom_0000904",11
"qa_doom_0000905",11
"qa_doom_0000906",11
"qa_doom_0000907",11
"qa_doom_0000908",11
"qa_doom_0000909",11
"qa_doom_0000910",11
"qa_doom_0000911",11
"qa_doom_0000912",11
"qa_doom_0000913",11
"qa_doom_0000914",11
"qa_doom_0000915",11
"qa_doom_0000916",11
"qa_doom_0000917",11
"qa_doom_0000918",11
"qa_doom_0000919",11
"qa_doom_0000920",11
"qa_doom_0000921",11
"qa_doom_0000922",11
"qa_doom_0000923",11
"qa_doom_0000924",11
"qa_doom_0000925",11
"qa_doom_0000926",11
"qa_doom_0000927",11
"qa_doom_0000928",11
"qa_doom_0000929",11
"qa_doom_0000930",11
"qa_doom_0000931",11
"qa_doom_0000932",11
"qa_doom_0000933",11
"qa_doom_0000934",11
"qa_doom_0000935",11
"qa_doom_0000936",11
"qa_doom_0000937",11
"qa_doom_0000938",11
"qa_doom_0000939",11
"qa_doom_0000940",11
"qa_doom_0000941",11
"qa_doom_0000942",11
"qa_doom_0000943",11
"qa_doom_0000944",11
"qa_doom_0000945",11
"qa_doom_0000946",11
"qa_doom_0000947",11
"qa_doom_0000948",11
"qa_doom_0000949",11
"qa_doom_0000950",11
"qa_doom_0000951",11
"qa_doom_0000952",11
"qa_doom_0000953",11
"qa_doom_0000954",11
"qa_doom_0000955",11
"qa_doom_0000956",11
"qa_doom_0000957",11
"qa_doom_0000958",11
"qa_doom_0000959",11
"qa_doom_0000960",11
"qa_doom_0000961",11
"qa_doom_0000962",11
"qa_doom_0000963",11
"qa_doom_0000964",11
"qa_doom_0000965",11
"qa_doom_0000966",11
"qa_doom_0000967",11
"qa_doom_0000968",11
"qa_doom_0000969",11
"qa_doom_0000970",11
"qa_doom_0000971",11
"qa_doom_0000972",11
"qa_doom_0000973",11
"qa_doom_0000974",11
"qa_doom_0000975",11
"qa_doom_0000976",11
"qa_doom_0000977",11
"qa_doom_0000978",11
"qa_doom_0000979",11
"qa_doom_0000980",11
"qa_doom_0000981",11
"qa_doom_0000982",11
"qa_doom_0000983",11
"qa_doom_0000984",11
"qa_doom_0000985",11
"qa_doom_0000986",11
"qa_doom_0000987",11
"qa_doom_0000988",11
"qa_doom_0000989",11
"qa_doom_0000990",11
"qa_doom_0000991",11
"qa_doom_0000992",11
"qa_doom_0000993",11
"qa_doom_0000994",11
"qa_doom_0000995",11
"qa_doom_0000996",11
"qa_doom_0000997",11
"qa_doom_0000998",11
"qa_doom_0000999",11
"qa_doom_0001000",12
"qa_doom_0001001",12
"qa_doom_0001002",12
"qa_doom_0001003",12
"qa_doom_0001004",12
"qa_doom_0001005",12
"qa_doom_0001006",12
"qa_doom_0001007",12
"qa_doom_0001008",12
"qa_doom_0001009",12
"qa_doom_0001010",12
"qa_doom_0001011",12
"qa_doom_0001012",12
"qa_doom_0001013",12
"qa_doom_0001014",12
"qa_doom_0001015",12
"qa_doom_0001016",12
"qa_doom_0001017",12
"qa_doom_0001018",12
"qa_doom_0001019",12
"qa_doom_0001020",12
"qa_doom_0001021",12
"qa_doom_0001022",12
"qa_doom_0001023",12
"qa_doom_0001024",12
"qa_doom_0001025",12
"qa_doom_0001026",12
"qa_doom_0001027",12
"qa_doom_0001028",12
"qa_doom_0001029",12
"qa_doom_0001030",12
"qa_doom_0001031",12
"qa_doom_0001032",12
"qa_doom_0001033",12
"qa_doom_0001034",12
"qa_doom_0001035",12
"qa_doom_0001036",12
"qa_doom_0001037",12
"qa_doom_0001038",12
"qa_doom_0001039",12
"qa_doom_0001040",12
"qa_doom_0001041",12
"qa_doom_0001042",12
"qa_doom_0001043",12
"qa_doom_0001044",12
"qa_doom_0001045",12
"qa_doom_0001046",12
"qa_doom_0001047",12
"qa_doom_0001048",12
"qa_doom_0001049",12
"qa_doom_0001050",12
"qa_doom_0001051",12
"qa_doom_0001052",12
"qa_doom_0001053",12
"qa_doom_0001054",12
"qa_doom_0001055",12
"qa_doom_0001056",12
"qa_doom_0001057",12
"qa_doom_0001058",12
"qa_doom_0001059",12
"qa_doom_0001060",12
"qa_doom_0001061",12
"qa_doom_0001062",12
"qa_doom_0001063",12
"qa_doom_0001064",12
"qa_doom_0001065",12
"qa_doom_0001066",12
"qa_doom_0001067",12
"qa_doom_0001068",12
"qa_doom_0001069",12
"qa_doom_0001070",12
"qa_doom_0001071",12
"qa_doom_0001072",12
"qa_doom_0001073",12
"qa_doom_0001074",12
"qa_doom_0001075",12
"qa_doom_0001076",12
"qa_doom_0001077",12
"qa_doom_0001078",12
"qa_doom_0001079",12
"qa_doom_0001080",12
"qa_doom_0001081",12
"qa_doom_0001082",12
"qa_doom_0001083",12
"qa_doom_0001084",12
"qa_doom_0001085",12
"qa_doom_0001086",12
"qa_doom_0001087",12
"qa_doom_0001088",12
"qa_doom_0001089",12
"qa_doom_0001090",12
"qa_doom_0001091",12
"qa_doom_0001092",12
"qa_doom_0001093",12
"qa_doom_0001094",12
"qa_doom_0001095",12
"qa_doom_0001096",12
"qa_doom_0001097",12
"qa_doom_0001098",12
"qa_doom_0001099",12
"qa_doom_0001100",13
"qa_doom_0001101",13
"qa_doom_0001102",13
"qa_doom_0001103",13
"qa_doom_0001104",13
"qa_doom_0001105",13
"qa_doom_0001106",13
"qa_doom_0001107",13
"qa_doom_0001108",13
"qa_doom_0001109",13
"qa_doom_0001110",13
"qa_doom_0001111",13
"qa_doom_0001112",13
"qa_doom_0001113",13
"qa_doom_0001114",13
"qa_doom_0001115",13
"qa_doom_0001116",13
"qa_doom_0001117",13
"qa_doom_0001118",13
"qa_doom_0001119",13
"qa_doom_0001120",13
"qa_doom_0001121",13
"qa_doom_0001122",13
"qa_doom_0001123",13
"qa_doom_0001124",13
"qa_doom_0001125",13
"qa_doom_0001126",13
"qa_doom_0001127",13
"qa_doom_0001128",13
"qa_doom_0001129",13
"qa_doom_0001130",13
"qa_doom_0001131",13
"qa_doom_0001132",13
"qa_doom_0001133",13
"qa_doom_0001134",13
"qa_doom_0001135",13
"qa_doom_0001136",13
"qa_doom_0001137",13
"qa_doom_0001138",13
"qa_doom_0001139",13
"qa_doom_0001140",13
"qa_doom_0001141",13
"qa_doom_0001142",13
"qa_doom_0001143",13
"qa_doom_0001144",13
"qa_doom_0001145",13
"qa_doom_0001146",13
"qa_doom_0001147",13
"qa_doom_0001148",13
"qa_doom_0001149",13
"qa_doom_0001150",13
"qa_doom_0001151",13
"qa_doom_0001152",13
"qa_doom_0001153",13
"qa_doom_0001154",13
"qa_doom_0001155",13
"qa_doom_0001156",13
"qa_doom_0001157",13
"qa_doom_0001158",13
"qa_doom_0001159",13
"qa_doom_0001160",13
"qa_doom_0001161",13
"qa_doom_0001162",13
"qa_doom_0001163",13
"qa_doom_0001164",13
"qa_doom_0001165",13
"qa_doom_0001166",13
"qa_doom_0001167",13
"qa_doom_0001168",13
"qa_doom_0001169",13
"qa_doom_0001170",13
"qa_doom_0001171",13
"qa_doom_0001172",13
"qa_doom_0001173",13
"qa_doom_0001174",13
"qa_doom_0001175",13
"qa_doom_0001176",13
"qa_doom_0001177",13
"qa_doom_0001178",13
"qa_doom_0001179",13
"qa_doom_0001180",13
"qa_doom_0001181",13
"qa_doom_0001182",13
"qa_doom_0001183",13
"qa_doom_0001184",13
"qa_doom_0001185",13
"qa_doom_0001186",13
"qa_doom_0001187",13
"qa_doom_0001188",13
"qa_doom_0001189",13
"qa_doom_0001190",13
"qa_doom_0001191",13
"qa_doom_0001192",13
"qa_doom_0001193",13
"qa_doom_0001194",13
"qa_doom_0001195",13
"qa_doom_0001196",13
"qa_doom_0001197",13
"qa_doom_0001198",13
"qa_doom_0001199",13
"qa_doom_0001200",14
"qa_doom_0001201",14
"qa_doom_0001202",14
"qa_doom_0001203",14
"qa_doom_0001204",14
"qa_doom_0001205",14
"qa_doom_0001206",14
"qa_doom_0001207",14
"qa_doom_0001208",14
"qa_doom_0001209",14
"qa_doom_0001210",14
"qa_doom_0001211",14
"qa_doom_0001212",14
"qa_doom_0001213",14
"qa_doom_0001214",14
"qa_doom_0001215",14
"qa_doom_0001216",14
"qa_doom_0001217",14
"qa_doom_0001218",14
"qa_doom_0001219",14
"qa_doom_0001220",14
"qa_doom_0001221",14
"qa_doom_0001222",14
"qa_doom_0001223",14
"qa_doom_0001224",14
"qa_doom_0001225",14
"qa_doom_0001226",14
"qa_doom_0001227",14
"qa_doom_0001228",14
"qa_doom_0001229",14
"qa_doom_0001230",14
"qa_doom_0001231",14
"qa_doom_0001232",14
"qa_doom_0001233",14
"qa_doom_0001234",14
"qa_doom_0001235",14
"qa_doom_0001236",14
"qa_doom_0001237",14
"qa_doom_0001238",14
"qa_doom_0001239",14
"qa_doom_0001240",14
"qa_doom_0001241",14
"qa_doom_0001242",14
"qa_doom_0001243",14
"qa_doom_0001244",14
"qa_doom_0001245",14
"qa_doom_0001246",14
"qa_doom_0001247",14
"qa_doom_0001248",14
"qa_doom_0001249",14
"qa_doom_0001250",14
"qa_doom_0001251",14
"qa_doom_0001252",14
"qa_doom_0001253",14
"qa_doom_0001254",14
"qa_doom_0001255",14
"qa_doom_0001256",14
"qa_doom_0001257",14
"qa_doom_0001258",14
"qa_doom_0001259",14
"qa_doom_0001260",14
"qa_doom_0001261",14
"qa_doom_0001262",14
"qa_doom_0001263",14
"qa_doom_0001264",14
"qa_doom_0001265",14
"qa_doom_0001266",14
"qa_doom_0001267",14
"qa_doom_0001268",14
"qa_doom_0001269",14
"qa_doom_0001270",14
"qa_doom_0001271",14
"qa_doom_0001272",14
"qa_doom_0001273",14
"qa_doom_0001274",14
"qa_doom_0001275",14
"qa_doom_0001276",14
"qa_doom_0001277",14
"qa_doom_0001278",14
"qa_doom_0001279",14
"qa_doom_0001280",14
"qa_doom_0001281",14
"qa_doom_0001282",14
"qa_doom_0001283",14
"qa_doom_0001284",14
"qa_doom_0001285",14
"qa_doom_0001286",14
"qa_doom_0001287",14
"qa_doom_0001288",14
"qa_doom_0001289",14
"qa_doom_0001290",14
"qa_doom_0001291",14
"qa_doom_0001292",14
"qa_doom_0001293",14
"qa_doom_0001294",14
"qa_doom_0001295",14
"qa_doom_0001296",14
"qa_doom_0001297",14
"qa_doom_0001298",14
"qa_doom_0001299",14
"qa_doom_0001300",15
"qa_doom_0001301",15
"qa_doom_0001302",15
"qa_doom_0001303",15
"qa_doom_0001304",15
"qa_doom_0001305",15
"qa_doom_0001306",15
"qa_doom_0001307",15
"qa_doom_0001308",15
"qa_doom_0001309",15
"qa_doom_0001310",15
"qa_doom_0001311",15
"qa_doom_0001312",15
"qa_doom_0001313",15
"qa_doom_0001314",15
"qa_doom_0001315",15
"qa_doom_0001316",15
"qa_doom_0001317",15
"qa_doom_0001318",15
"qa_doom_0001319",15
"qa_doom_0001320",15
"qa_doom_0001321",15
"qa_doom_0001322",15
"qa_doom_0001323",15
"qa_doom_0001324",15
"qa_doom_0001325",15
"qa_doom_0001326",15
"qa_doom_0001327",15
"qa_doom_0001328",15
"qa_doom_0001329",15
"qa_doom_0001330",15
"qa_doom_0001331",15
"qa_doom_0001332",15
"qa_doom_0001333",15
"qa_doom_0001334",15
"qa_doom_0001335",15
"qa_doom_0001336",15
"qa_doom_0001337",15
"qa_doom_0001338",15
"qa_doom_0001339",15
"qa_doom_0001340",15
"qa_doom_0001341",15
"qa_doom_0001342",15
"qa_doom_0001343",15
"qa_doom_0001344",15
"qa_doom_0001345",15
"qa_doom_0001346",15
"qa_doom_0001347",15
"qa_doom_0001348",15
"qa_doom_0001349",15
"qa_doom_0001350",15
"qa_doom_0001351",15
"qa_doom_0001352",15
"qa_doom_0001353",15
"qa_doom_0001354",15
"qa_doom_0001355",15
"qa_doom_0001356",15
"qa_doom_0001357",15
"qa_doom_0001358",15
"qa_doom_0001359",15
"qa_doom_0001360",15
"qa_doom_0001361",15
"qa_doom_0001362",15
"qa_doom_0001363",15
"qa_doom_0001364",15
"qa_doom_0001365",15
"qa_doom_0001366",15
"qa_doom_0001367",15
"qa_doom_0001368",15
"qa_doom_0001369",15
"qa_doom_0001370",15
"qa_doom_0001371",15
"qa_doom_0001372",15
"qa_doom_0001373",15
"qa_doom_0001374",15
"qa_doom_0001375",15
"qa_doom_0001376",15
"qa_doom_0001377",15
"qa_doom_0001378",15
"qa_doom_0001379",15
"qa_doom_0001380",15
"qa_doom_0001381",15
"qa_doom_0001382",15
"qa_doom_0001383",15
"qa_doom_0001384",15
"qa_doom_0001385",15
"qa_doom_0001386",15
"qa_doom_0001387",15
"qa_doom_0001388",15
"qa_doom_0001389",15
"qa_doom_0001390",15
"qa_doom_0001391",15
"qa_doom_0001392",15
"qa_doom_0001393",15
"qa_doom_0001394",15
"qa_doom_0001395",15
"qa_doom_0001396",15
"qa_doom_0001397",15
"qa_doom_0001398",15
"qa_doom_0001399",15
"qa_doom_0001400",16
"qa_doom_0001401",16
"qa_doom_0001402",16
"qa_doom_0001403",16
"qa_doom_0001404",16
"qa_doom_0001405",16
"qa_doom_0001406",16
"qa_doom_0001407",16
"qa_doom_0001408",16
"qa_doom_0001409",16
"qa_doom_0001410",16
"qa_doom_0001411",16
"qa_doom_0001412",16
"qa_doom_0001413",16
"qa_doom_0001414",16
"qa_doom_0001415",16
"qa_doom_0001416",16
"qa_doom_0001417",16
"qa_doom_0001418",16
"qa_doom_0001419",16
"qa_doom_0001420",16
"qa_doom_0001421",16
"qa_doom_0001422",16
"qa_doom_0001423",16
"qa_doom_0001424",16
"qa_doom_0001425",16
"qa_doom_0001426",16
"qa_doom_0001427",16
"qa_doom_0001428",16
"qa_doom_0001429",16
"qa_doom_0001430",16
"qa_doom_0001431",16
"qa_doom_0001432",16
"qa_doom_0001433",16
"qa_doom_0001434",16
"qa_doom_0001435",16
"qa_doom_0001436",16
"qa_doom_0001437",16
"qa_doom_0001438",16
"qa_doom_0001439",16
"qa_doom_0001440",16
"qa_doom_0001441",16
"qa_doom_0001442",16
"qa_doom_0001443",16
"qa_doom_0001444",16
"qa_doom_0001445",16
"qa_doom_0001446",16
"qa_doom_0001447",16
"qa_doom_0001448",16
"qa_doom_0001449",16
"qa_doom_0001450",16
"qa_doom_0001451",16
"qa_doom_0001452",16
"qa_doom_0001453",16
"qa_doom_0001454",16
"qa_doom_0001455",16
"qa_doom_0001456",16
"qa_doom_0001457",16
"qa_doom_0001458",16
"qa_doom_0001459",16
"qa_doom_0001460",16
"qa_doom_0001461",16
"qa_doom_0001462",16
"qa_doom_0001463",16
"qa_doom_0001464",16
"qa_doom_0001465",16
"qa_doom_0001466",16
"qa_doom_0001467",16
"qa_doom_0001468",16
"qa_doom_0001469",16
"qa_doom_0001470",16
"qa_doom_0001471",16
"qa_doom_0001472",16
"qa_doom_0001473",16
"qa_doom_0001474",16
"qa_doom_0001475",16
"qa_doom_0001476",16
"qa_doom_0001477",16
"qa_doom_0001478",16
"qa_doom_0001479",16
"qa_doom_0001480",16
"qa_doom_0001481",16
"qa_doom_0001482",16
"qa_doom_0001483",16
"qa_doom_0001484",16
"qa_doom_0001485",16
"qa_doom_0001486",16
"qa_doom_0001487",16
"qa_doom_0001488",16
"qa_doom_0001489",16
"qa_doom_0001490",16
"qa_doom_0001491",16
"qa_doom_0001492",16
"qa_doom_0001493",16
"qa_doom_0001494",16
"qa_doom_0001495",16
"qa_doom_0001496",16
"qa_doom_0001497",16
"qa_doom_0001498",16
"qa_doom_0001499",16
"qa_doom_0001500",17
"qa_doom_0001501",17
"qa_doom_0001502",17
"qa_doom_0001503",17
"qa_doom_0001504",17
"qa_doom_0001505",17
"qa_doom_0001506",17
"qa_doom_0001507",17
"qa_doom_0001508",17
"qa_doom_0001509",17
"qa_doom_0001510",17
"qa_doom_0001511",17
"qa_doom_0001512",17
"qa_doom_0001513",17
"qa_doom_0001514",17
"qa_doom_0001515",17
"qa_doom_0001516",17
"qa_doom_0001517",17
"qa_doom_0001518",17
"qa_doom_0001519",17
"qa_doom_0001520",17
"qa_doom_0001521",17
"qa_doom_0001522",17
"qa_doom_0001523",17
"qa_doom_0001524",17
"qa_doom_0001525",17
"qa_doom_0001526",17
"qa_doom_0001527",17
"qa_doom_0001528",17
"qa_doom_0001529",17
"qa_doom_0001530",17
"qa_doom_0001531",17
"qa_doom_0001532",17
"qa_doom_0001533",17
"qa_doom_0001534",17
"qa_doom_0001535",17
"qa_doom_0001536",17
"qa_doom_0001537",17
"qa_doom_0001538",17
"qa_doom_0001539",17
"qa_doom_0001540",17
"qa_doom_0001541",17
"qa_doom_0001542",17
"qa_doom_0001543",17
"qa_doom_0001544",17
"qa_doom_0001545",17
"qa_doom_0001546",17
"qa_doom_0001547",17
"qa_doom_0001548",17
"qa_doom_0001549",17
"qa_doom_0001550",17
"qa_doom_0001551",17
"qa_doom_0001552",17
"qa_doom_0001553",17
"qa_doom_0001554",17
"qa_doom_0001555",17
"qa_doom_0001556",17
"qa_doom_0001557",17
"qa_doom_0001558",17
"qa_doom_0001559",17
"qa_doom_0001560",17
"qa_doom_0001561",17
"qa_doom_0001562",17
"qa_doom_0001563",17
"qa_doom_0001564",17
"qa_doom_0001565",17
"qa_doom_0001566",17
"qa_doom_0001567",17
"qa_doom_0001568",17
"qa_doom_0001569",17
"qa_doom_0001570",17
"qa_doom_0001571",17
"qa_doom_0001572",17
"qa_doom_0001573",17
"qa_doom_0001574",17
"qa_doom_0001575",17
"qa_doom_0001576",17
"qa_doom_0001577",17
"qa_doom_0001578",17
"qa_doom_0001579",17
"qa_doom_0001580",17
"qa_doom_0001581",17
"qa_doom_0001582",17
"qa_doom_0001583",17
"qa_doom_0001584",17
"qa_doom_0001585",17
"qa_doom_0001586",17
"qa_doom_0001587",17
"qa_doom_0001588",17
"qa_doom_0001589",17
"qa_doom_0001590",17
"qa_doom_0001591",17
"qa_doom_0001592",17
"qa_doom_0001593",17
"qa_doom_0001594",17
"qa_doom_0001595",17
"qa_doom_0001596",17
"qa_doom_0001597",17
"qa_doom_0001598",17
"qa_doom_0001599",17
"qa_doom_0001600",18
"qa_doom_0001601",18
"qa_doom_0001602",18
"qa_doom_0001603",18
"qa_doom_0001604",18
"qa_doom_0001605",18
"qa_doom_0001606",18
"qa_doom_0001607",18
"qa_doom_0001608",18
"qa_doom_0001609",18
"qa_doom_0001610",18
"qa_doom_0001611",18
"qa_doom_0001612",18
"qa_doom_0001613",18
"qa_doom_0001614",18
"qa_doom_0001615",18
"qa_doom_0001616",18
"qa_doom_0001617",18
"qa_doom_0001618",18
"qa_doom_0001619",18
"qa_doom_0001620",18
"qa_doom_0001621",18
"qa_doom_0001622",18
"qa_doom_0001623",18
"qa_doom_0001624",18
"qa_doom_0001625",18
"qa_doom_0001626",18
"qa_doom_0001627",18
"qa_doom_0001628",18
"qa_doom_0001629",18
"qa_doom_0001630",18
"qa_doom_0001631",18
"qa_doom_0001632",18
"qa_doom_0001633",18
"qa_doom_0001634",18
"qa_doom_0001635",18
"qa_doom_0001636",18
"qa_doom_0001637",18
"qa_doom_0001638",18
"qa_doom_0001639",18
"qa_doom_0001640",18
"qa_doom_0001641",18
"qa_doom_0001642",18
"qa_doom_0001643",18
"qa_doom_0001644",18
"qa_doom_0001645",18
"qa_doom_0001646",18
"qa_doom_0001647",18
"qa_doom_0001648",18
"qa_doom_0001649",18
"qa_doom_0001650",18
"qa_doom_0001651",18
"qa_doom_0001652",18
"qa_doom_0001653",18
"qa_doom_0001654",18
"qa_doom_0001655",18
"qa_doom_0001656",18
"qa_doom_0001657",18
"qa_doom_0001658",18
"qa_doom_0001659",18
"qa_doom_0001660",18
"qa_doom_0001661",18
"qa_doom_0001662",18
"qa_doom_0001663",18
"qa_doom_0001664",18
"qa_doom_0001665",18
"qa_doom_0001666",18
"qa_doom_0001667",18
"qa_doom_0001668",18
"qa_doom_0001669",18
"qa_doom_0001670",18
"qa_doom_0001671",18
"qa_doom_0001672",18
"qa_doom_0001673",18
"qa_doom_0001674",18
"qa_doom_0001675",18
"qa_doom_0001676",18
"qa_doom_0001677",18
"qa_doom_0001678",18
"qa_doom_0001679",18
"qa_doom_0001680",18
"qa_doom_0001681",18
"qa_doom_0001682",18
"qa_doom_0001683",18
"qa_doom_0001684",18
"qa_doom_0001685",18
"qa_doom_0001686",18
"qa_doom_0001687",18
"qa_doom_0001688",18
"qa_doom_0001689",18
"qa_doom_0001690",18
"qa_doom_0001691",18
"qa_doom_0001692",18
"qa_doom_0001693",18
"qa_doom_0001694",18
"qa_doom_0001695",18
"qa_doom_0001696",18
"qa_doom_0001697",18
"qa_doom_0001698",18
"qa_doom_0001699",18
"qa_doom_0001700",19
"qa_doom_0001701",19
"qa_doom_0001702",19
"qa_doom_0001703",19
"qa_doom_0001704",19
"qa_doom_0001705",19
"qa_doom_0001706",19
"qa_doom_0001707",19
"qa_doom_0001708",19
"qa_doom_0001709",19
"qa_doom_0001710",19
"qa_doom_0001711",19
"qa_doom_0001712",19
"qa_doom_0001713",19
"qa_doom_0001714",19
"qa_doom_0001715",19
"qa_doom_0001716",19
"qa_doom_0001717",19
"qa_doom_0001718",19
"qa_doom_0001719",19
"qa_doom_0001720",19
"qa_doom_0001721",19
"qa_doom_0001722",19
"qa_doom_0001723",19
"qa_doom_0001724",19
"qa_doom_0001725",19
"qa_doom_0001726",19
"qa_doom_0001727",19
"qa_doom_0001728",19
"qa_doom_0001729",19
"qa_doom_0001730",19
"qa_doom_0001731",19
"qa_doom_0001732",19
"qa_doom_0001733",19
"qa_doom_0001734",19
"qa_doom_0001735",19
"qa_doom_0001736",19
"qa_doom_0001737",19
"qa_doom_0001738",19
"qa_doom_0001739",19
"qa_doom_0001740",19
"qa_doom_0001741",19
"qa_doom_0001742",19
"qa_doom_0001743",19
"qa_doom_0001744",19
"qa_doom_0001745",19
"qa_doom_0001746",19
"qa_doom_0001747",19
"qa_doom_0001748",19
"qa_doom_0001749",19
"qa_doom_0001750",19
"qa_doom_0001751",19
"qa_doom_0001752",19
"qa_doom_0001753",19
"qa_doom_0001754",19
"qa_doom_0001755",19
"qa_doom_0001756",19
"qa_doom_0001757",19
"qa_doom_0001758",19
"qa_doom_0001759",19
"qa_doom_0001760",19
"qa_doom_0001761",19
"qa_doom_0001762",19
"qa_doom_0001763",19
"qa_doom_0001764",19
"qa_doom_0001765",19
"qa_doom_0001766",19
"qa_doom_0001767",19
"qa_doom_0001768",19
"qa_doom_0001769",19
"qa_doom_0001770",19
"qa_doom_0001771",19
"qa_doom_0001772",19
"qa_doom_0001773",19
"qa_doom_0001774",19
"qa_doom_0001775",19
"qa_doom_0001776",19
"qa_doom_0001777",19
"qa_doom_0001778",19
"qa_doom_0001779",19
"qa_doom_0001780",19
"qa_doom_0001781",19
"qa_doom_0001782",19
"qa_doom_0001783",19
"qa_doom_0001784",19
"qa_doom_0001785",19
"qa_doom_0001786",19
"qa_doom_0001787",19
"qa_doom_0001788",19
"qa_doom_0001789",19
"qa_doom_0001790",19
"qa_doom_0001791",19
"qa_doom_0001792",19
"qa_doom_0001793",19
"qa_doom_0001794",19
"qa_doom_0001795",19
"qa_doom_0001796",19
"qa_doom_0001797",19
"qa_doom_0001798",19
"qa_doom_0001799",19
"qa_doom_0001800",20
"qa_doom_0001801",20
"qa_doom_0001802",20
"qa_doom_0001803",20
"qa_doom_0001804",20
"qa_doom_0001805",20
"qa_doom_0001806",20
"qa_doom_0001807",20
"qa_doom_0001808",20
"qa_doom_0001809",20
"qa_doom_0001810",20
"qa_doom_0001811",20
"qa_doom_0001812",20
"qa_doom_0001813",20
"qa_doom_0001814",20
"qa_doom_0001815",20
"qa_doom_0001816",20
"qa_doom_0001817",20
"qa_doom_0001818",20
"qa_doom_0001819",20
"qa_doom_0001820",20
"qa_doom_0001821",20
"qa_doom_0001822",20
"qa_doom_0001823",20
"qa_doom_0001824",20
"qa_doom_0001825",20
"qa_doom_0001826",20
"qa_doom_0001827",20
"qa_doom_0001828",20
"qa_doom_0001829",20
"qa_doom_0001830",20
"qa_doom_0001831",20
"qa_doom_0001832",20
"qa_doom_0001833",20
"qa_doom_0001834",20
"qa_doom_0001835",20
"qa_doom_0001836",20
"qa_doom_0001837",20
"qa_doom_0001838",20
"qa_doom_0001839",20
"qa_doom_0001840",20
"qa_doom_0001841",20
"qa_doom_0001842",20
"qa_doom_0001843",20
"qa_doom_0001844",20
"qa_doom_0001845",20
"qa_doom_0001846",20
"qa_doom_0001847",20
"qa_doom_0001848",20
"qa_doom_0001849",20
"qa_doom_0001850",20
"qa_doom_0001851",20
"qa_doom_0001852",20
"qa_doom_0001853",20
"qa_doom_0001854",20
"qa_doom_0001855",20
"qa_doom_0001856",20
"qa_doom_0001857",20
"qa_doom_0001858",20
"qa_doom_0001859",20
"qa_doom_0001860",20
"qa_doom_0001861",20
"qa_doom_0001862",20
"qa_doom_0001863",20
"qa_doom_0001864",20
"qa_doom_0001865",20
"qa_doom_0001866",20
"qa_doom_0001867",20
"qa_doom_0001868",20
"qa_doom_0001869",20
"qa_doom_0001870",20
"qa_doom_0001871",20
"qa_doom_0001872",20
"qa_doom_0001873",20
"qa_doom_0001874",20
"qa_doom_0001875",20
"qa_doom_0001876",20
"qa_doom_0001877",20
"qa_doom_0001878",20
"qa_doom_0001879",20
"qa_doom_0001880",20
"qa_doom_0001881",20
"qa_doom_0001882",20
"qa_doom_0001883",20
"qa_doom_0001884",20
"qa_doom_0001885",20
"qa_doom_0001886",20
"qa_doom_0001887",20
"qa_doom_0001888",20
"qa_doom_0001889",20
"qa_doom_0001890",20
"qa_doom_0001891",20
"qa_doom_0001892",20
"qa_doom_0001893",20
"qa_doom_0001894",20
"qa_doom_0001895",20
"qa_doom_0001896",20
"qa_doom_0001897",20
"qa_doom_0001898",20
"qa_doom_0001899",20
"qa_doom_0001900",21
"qa_doom_0001901",21
"qa_doom_0001902",21
"qa_doom_0001903",21
"qa_doom_0001904",21
"qa_doom_0001905",21
"qa_doom_0001906",21
"qa_doom_0001907",21
"qa_doom_0001908",21
"qa_doom_0001909",21
"qa_doom_0001910",21
"qa_doom_0001911",21
"qa_doom_0001912",21
"qa_doom_0001913",21
"qa_doom_0001914",21
"qa_doom_0001915",21
"qa_doom_0001916",21
"qa_doom_0001917",21
"qa_doom_0001918",21
"qa_doom_0001919",21
"qa_doom_0001920",21
"qa_doom_0001921",21
"qa_doom_0001922",21
"qa_doom_0001923",21
"qa_doom_0001924",21
"qa_doom_0001925",21
"qa_doom_0001926",21
"qa_doom_0001927",21
"qa_doom_0001928",21
"qa_doom_0001929",21
"qa_doom_0001930",21
"qa_doom_0001931",21
"qa_doom_0001932",21
"qa_doom_0001933",21
"qa_doom_0001934",21
"qa_doom_0001935",21
"qa_doom_0001936",21
"qa_doom_0001937",21
"qa_doom_0001938",21
"qa_doom_0001939",21
"qa_doom_0001940",21
"qa_doom_0001941",21
"qa_doom_0001942",21
"qa_doom_0001943",21
"qa_doom_0001944",21
"qa_doom_0001945",21
"qa_doom_0001946",21
"qa_doom_0001947",21
"qa_doom_0001948",21
"qa_doom_0001949",21
"qa_doom_0001950",21
"qa_doom_0001951",21
"qa_doom_0001952",21
"qa_doom_0001953",21
"qa_doom_0001954",21
"qa_doom_0001955",21
"qa_doom_0001956",21
"qa_doom_0001957",21
"qa_doom_0001958",21
"qa_doom_0001959",21
"qa_doom_0001960",21
"qa_doom_0001961",21
"qa_doom_0001962",21
"qa_doom_0001963",21
"qa_doom_0001964",21
"qa_doom_0001965",21
"qa_doom_0001966",21
"qa_doom_0001967",21
"qa_doom_0001968",21
"qa_doom_0001969",21
"qa_doom_0001970",21
"qa_doom_0001971",21
"qa_doom_0001972",21
"qa_doom_0001973",21
"qa_doom_0001974",21
"qa_doom_0001975",21
"qa_doom_0001976",21
"qa_doom_0001977",21
"qa_doom_0001978",21
"qa_doom_0001979",21
"qa_doom_0001980",21
"qa_doom_0001981",21
"qa_doom_0001982",21
"qa_doom_0001983",21
"qa_doom_0001984",21
"qa_doom_0001985",21
"qa_doom_0001986",21
"qa_doom_0001987",21
"qa_doom_0001988",21
"qa_doom_0001989",21
"qa_doom_0001990",21
"qa_doom_0001991",21
"qa_doom_0001992",21
"qa_doom_0001993",21
"qa_doom_0001994",21
"qa_doom_0001995",21
"qa_doom_0001996",21
"qa_doom_0001997",21
"qa_doom_0001998",21
"qa_doom_0001999",21
